gvkey,cik,fyear,datadate,ni,at,sale,dltt,act,lct,ceq,sich,roa,leverage,current_ratio,log_assets,rev_growth
001078,0000001800,2014,2014-12-31,2284.0,41275.0,20247.0,3408.0,15261.0,10532.0,21526.0,2834,0.05533615990308904,0.08256814052089642,1.4490125332320547,10.628012268788328,
001078,0000001800,2015,2015-12-31,4423.0,41247.0,20405.0,5871.0,14155.0,9186.0,21211.0,2834,0.10723204111814193,0.14233762455451304,1.540931852819508,10.627333661845343,0.007803625228428812
001078,0000001800,2016,2016-12-31,1400.0,52666.0,20853.0,20681.0,26776.0,6660.0,20538.0,2834,0.026582614969809744,0.3926821858504538,4.020420420420421,10.87172536503303,0.021955403087478453
001078,0000001800,2017,2017-12-31,477.0,76250.0,27390.0,27210.0,20147.0,8912.0,30897.0,2834,0.006255737704918033,0.35685245901639345,2.2606597845601435,11.241772694469658,0.31348007480938
001078,0000001800,2018,2018-12-31,2368.0,67173.0,30578.0,19359.0,14632.0,9012.0,30524.0,2834,0.03525225909219478,0.2881961502389353,1.623612960497115,11.115026660059447,0.11639284410368744
001078,0000001800,2019,2019-12-31,3687.0,67887.0,31904.0,17416.0,15667.0,10863.0,31088.0,3845,0.054310840072473374,0.25654396276164804,1.4422351100064439,11.125599837189851,0.04336451043233702
001078,0000001800,2020,2020-12-31,4495.0,72548.0,34608.0,19429.0,20441.0,11907.0,32784.0,3845,0.061958978882946464,0.26780889893587695,1.7167212564037961,11.192003690737314,0.08475426278836506
001078,0000001800,2021,2021-12-31,7071.0,75196.0,43075.0,18252.0,24239.0,13105.0,35802.0,3845,0.0940342571413373,0.24272567689770733,1.8495993895459748,11.227853317033851,0.2446544151641239
001078,0000001800,2022,2022-12-31,6933.0,74438.0,43653.0,15465.0,25224.0,15489.0,36686.0,3845,0.09313791343131196,0.20775679088637525,1.6285105558783652,11.217721843119596,0.013418456181079508
001078,0000001800,2023,2023-12-31,5723.0,73214.0,40109.0,14548.0,22670.0,13841.0,38603.0,3845,0.07816810992433142,0.19870516567869534,1.6378874358789104,11.201141938492748,-0.08118571461297042
001078,0000001800,2024,2024-12-31,13402.0,81414.0,41950.0,13521.0,23656.0,14157.0,47664.0,3845,0.1646154224089223,0.166077087478812,1.6709754891573074,11.307302527374008,0.045899922710613605
001447,0000004962,2014,2014-12-31,5885.0,159103.0,35280.0,45876.0,,,20673.0,6141,0.0369886174365034,0.28834151461631774,,11.977307070213472,
001447,0000004962,2015,2015-12-31,5163.0,161184.0,34441.0,41247.0,,,20673.0,6141,0.0320317153067302,0.2559000893388922,,11.990301848545377,-0.023781179138322006
001447,0000004962,2016,2016-12-31,5408.0,158893.0,33823.0,31266.0,,,20501.0,6141,0.03403548299799236,0.1967739296255971,,11.975986298691016,-0.01794372985685666
001447,0000004962,2017,2017-12-31,2736.0,181159.0,35583.0,43870.0,,,18227.0,6141,0.01510275503839169,0.24216296181807143,,12.10713037767258,0.05203559707891081
001447,0000004962,2018,2018-12-31,6921.0,188602.0,43281.0,47108.0,,,22290.0,6141,0.036696323474830594,0.24977465774488075,,12.147394253579138,0.2163392631312706
001447,0000004962,2019,2019-12-31,6759.0,198321.0,47020.0,43003.0,,,23071.0,6141,0.03408111092622566,0.21683533261732243,,12.197642209052148,0.08638894665095531
001447,0000004962,2020,2020-12-31,3135.0,191367.0,38185.0,32227.0,,,22984.0,6141,0.016382134850836352,0.16840416581751294,,12.161948329342922,-0.18789876648234793
001447,0000004962,2021,2021-12-31,8060.0,188548.0,43663.0,25613.0,,,22177.0,6141,0.04274773532469186,0.13584339266393702,,12.147107895364268,0.14345947361529388
001447,0000004962,2022,2022-12-31,7514.0,228354.0,55625.0,35035.0,,,24711.0,6141,0.03290505092969687,0.153424069646251,,12.33865233542929,0.2739619357350618
001447,0000004962,2023,2023-12-31,8374.0,261108.0,67364.0,38437.0,,,28057.0,6141,0.03207102042066884,0.14720728587404447,,12.472689393819522,0.21103820224719105
001447,0000004962,2024,2024-12-31,10129.0,271461.0,74201.0,38091.0,,,30264.0,6141,0.037312910510165366,0.14031849878988142,,12.511573761629155,0.1014933792530135
002285,0000012927,2014,2014-12-31,5446.0,99198.0,90762.0,8141.0,67785.0,56717.0,8665.0,3721,0.05490030040928245,0.08206818685860602,1.1951443129925772,11.5048731317794,
002285,0000012927,2015,2015-12-31,5176.0,94408.0,96114.0,8730.0,68234.0,50412.0,6335.0,3721,0.05482586221506652,0.09247097703584442,1.3535269380306276,11.455381094305585,0.05896740926819599
002285,0000012927,2016,2016-12-31,4895.0,89997.0,94571.0,9568.0,62488.0,50134.0,817.0,3721,0.05439070191228596,0.1063146549329422,1.2464195954841026,11.407531615423501,-0.016053852716565786
002285,0000012927,2017,2017-12-31,8197.0,92333.0,93392.0,9782.0,65161.0,56269.0,355.0,3721,0.08877649377795588,0.10594262073148278,1.158026622118751,11.433156886386547,-0.012466823867781862
002285,0000012927,2018,2018-12-31,10460.0,117359.0,101127.0,10657.0,87830.0,81590.0,339.0,3721,0.08912823047231146,0.09080684054908443,1.0764799607795073,11.672992891989832,0.0828229398663698
002285,0000012927,2019,2019-12-31,-636.0,133625.0,84818.0,20940.0,102229.0,97312.0,-8617.0,3721,-0.004759588400374181,0.1567072029934518,1.050528197961197,11.802792648327346,-0.16127245938275636
002285,0000012927,2020,2020-12-31,-11873.0,152136.0,58656.0,62974.0,121642.0,87280.0,-18316.0,3721,-0.07804201503917547,0.4139322711258348,1.393698441796517,11.932530136632112,-0.3084486783465774
002285,0000012927,2021,2021-12-31,-4202.0,138552.0,62272.0,58077.0,108666.0,81992.0,-14999.0,3721,-0.030327963508285698,0.41917114152087304,1.325324421894819,11.839000985408878,0.061647572285870256
002285,0000012927,2022,2022-12-31,-4935.0,137100.0,66608.0,53116.0,109523.0,90052.0,-15883.0,3721,-0.03599562363238512,0.38742523705324583,1.2162195176120463,11.828465865550406,0.06963001027749227
002285,0000012927,2023,2023-12-31,-2222.0,137012.0,77794.0,48621.0,109275.0,95827.0,-17233.0,3721,-0.01621755758619683,0.35486672700201444,1.14033623091613,11.827823792215248,0.16793778525102088
002285,0000012927,2024,2024-12-31,-11817.0,156363.0,66960.0,54356.0,127998.0,97078.0,-3914.0,3721,-0.0755741447784962,0.3476269961563797,1.318506767753765,11.959935506215542,-0.13926523896444454
002403,0000014272,2014,2014-12-31,2004.0,33749.0,15879.0,7242.0,14608.0,8461.0,14852.0,2834,0.05937953717147175,0.2145841358262467,1.7265098688098333,10.42670606623208,
002403,0000014272,2015,2015-12-31,1565.0,31748.0,16560.0,6550.0,10415.0,8017.0,14266.0,2834,0.04929444374448784,0.20631220864306413,1.299114381938381,10.365585010210767,0.04288683166446239
002403,0000014272,2016,2016-12-31,4457.0,33707.0,19427.0,5716.0,13704.0,8841.0,16177.0,2834,0.13222772717833092,0.16957901919482601,1.5500508992195452,10.425460809904182,0.1731280193236715
002403,0000014272,2017,2017-12-31,1007.0,33551.0,20776.0,6975.0,14854.0,9563.0,11741.0,2834,0.030014008524336087,0.20789246222169236,1.5532782599602635,10.420821948214945,0.06943943995470225
002403,0000014272,2018,2018-12-31,4920.0,34986.0,22561.0,5646.0,17160.0,10654.0,14031.0,2834,0.14062767964328587,0.1613788372491854,1.6106626619110194,10.46270326045021,0.08591644204851745
002403,0000014272,2019,2019-12-31,3439.0,129944.0,26145.0,44059.0,29354.0,18304.0,51598.0,2834,0.026465246567752263,0.33906144185187465,1.6036931818181819,11.774858867399232,0.15885820663977657
002403,0000014272,2020,2020-12-31,-9015.0,118481.0,42518.0,49169.0,30192.0,19080.0,37822.0,2834,-0.07608814915471679,0.41499480929431726,1.5823899371069183,11.682507889149141,0.6262382864792504
002403,0000014272,2021,2021-12-31,6994.0,109314.0,46385.0,40479.0,33262.0,21868.0,35946.0,2834,0.06398082587774667,0.3703002360173445,1.5210353027254435,11.60197975379374,0.09094971541464791
002403,0000014272,2022,2022-12-31,6327.0,96820.0,46159.0,36317.0,27273.0,21890.0,31061.0,2834,0.06534806858087172,0.3750981202230944,1.2459113750571038,11.480608863493686,-0.004872264740756749
002403,0000014272,2023,2023-12-31,8025.0,95159.0,45006.0,38183.0,31770.0,22262.0,29430.0,2834,0.08433253817295264,0.40125474206328354,1.4270954990566884,11.463304455744613,-0.024978877358694973
002403,0000014272,2024,2024-12-31,-8948.0,92603.0,48300.0,48973.0,29780.0,23774.0,16335.0,2834,-0.09662753906460914,0.5288489573771908,1.2526289223521494,11.436076817517693,0.07319024130115981
002968,0000019617,2014,2014-12-31,21762.0,2573126.0,102102.0,268676.0,,,212002.0,6020,0.00845741716495811,0.10441618482732676,,14.76063206013873,
002968,0000019617,2015,2015-12-31,24442.0,2351698.0,100492.0,259133.0,,,221505.0,6020,0.01039334132188742,0.1101897437511109,,14.67064817839595,-0.0157685451803099
002968,0000019617,2016,2016-12-31,24733.0,2490972.0,105486.0,271245.0,,,228122.0,6020,0.009929055806327811,0.10889122800256286,,14.728183553715466,0.049695498149106454
002968,0000019617,2017,2017-12-31,24441.0,2533600.0,113254.0,268522.0,,,229625.0,6020,0.009646747710767288,0.10598437006630881,,14.745151774206567,0.07364010390004361
002968,0000019617,2018,2018-12-31,32474.0,2622532.0,131412.0,249637.0,,,230447.0,6020,0.012382689705978802,0.09518930560237206,,14.77965082127538,0.1603298779734048
002968,0000019617,2019,2019-12-31,36431.0,2687379.0,142422.0,261720.0,,,234337.0,6020,0.013556331280403695,0.09738857079704798,,14.804076927148664,0.08378230298602873
002968,0000019617,2020,2020-12-31,29131.0,3386071.0,129503.0,263259.0,,,249291.0,6020,0.008603186406900505,0.0777476313993416,,15.035180810150003,-0.09070930052941262
002968,0000019617,2021,2021-12-31,48334.0,3743567.0,127202.0,286557.0,,,259289.0,6020,0.012911215426356735,0.07654651299148646,,15.135549458182043,-0.017767928156104507
002968,0000019617,2022,2022-12-31,37676.0,3665743.0,154792.0,271885.0,,,264928.0,6020,0.010277861814098807,0.07416913842568887,,15.1145416012692,0.2168991053599787
002968,0000019617,2023,2023-12-31,49552.0,3875393.0,236311.0,349484.0,,,300474.0,6020,0.012786316123293819,0.09018027332969843,,15.170157634981829,0.5266357434492739
002968,0000019617,2024,2024-12-31,58471.0,4002814.0,278803.0,369356.0,,,324708.0,6020,0.014607473642292647,0.09227408518107512,,15.202508171744036,0.1798138893238148
004321,0000032604,2014,2014-09-30,2147.0,24177.0,24537.0,3559.0,10867.0,8454.0,10119.0,3600,0.08880340819787401,0.14720602225255408,1.2854270167967825,10.093157046992621,
004321,0000032604,2015,2015-09-30,2710.0,22088.0,22304.0,4289.0,10049.0,7800.0,8081.0,3600,0.12269105396595437,0.19417783411807316,1.2883333333333333,10.00278975360999,-0.09100542038554016
004321,0000032604,2016,2016-09-30,1635.0,21743.0,14522.0,4062.0,9960.0,8008.0,7568.0,3600,0.07519661500252955,0.18681874626316516,1.2437562437562437,9.987047145635058,-0.3489060258249641
004321,0000032604,2017,2017-09-30,1518.0,19589.0,15264.0,3794.0,8252.0,5045.0,8718.0,3823,0.07749247026392363,0.1936801266016642,1.6356788899900891,9.8827234631834,0.051094890510948954
004321,0000032604,2018,2018-09-30,2203.0,20390.0,17408.0,3137.0,6619.0,6164.0,8947.0,3823,0.10804315841098577,0.15384992643452672,1.0738157040882543,9.922799863568502,0.14046121593291394
004321,0000032604,2019,2019-09-30,2306.0,20497.0,18372.0,4277.0,7139.0,5976.0,8233.0,3823,0.11250426891740255,0.20866468263648338,1.194611780455154,9.928033812954128,0.05537683823529416
004321,0000032604,2020,2020-09-30,1965.0,22882.0,16785.0,6699.0,8806.0,5785.0,8405.0,3823,0.08587536054540687,0.29276287037846344,1.5222126188418323,10.03810585426089,-0.0863814500326584
004321,0000032604,2021,2021-09-30,2303.0,24715.0,18236.0,6206.0,8432.0,6246.0,9883.0,3823,0.09318227796884483,0.25110256928990493,1.3499839897534422,10.11516562574106,0.08644623175454269
004321,0000032604,2022,2022-09-30,3231.0,35672.0,19629.0,8607.0,8506.0,7777.0,10364.0,3823,0.09057524108544517,0.2412816775061673,1.0937379452230938,10.482121346307313,0.07638736565036197
004321,0000032604,2023,2023-09-30,13219.0,42746.0,15165.0,8014.0,13819.0,5032.0,20689.0,3823,0.3092453095026435,0.1874795302484443,2.7462241653418125,10.663030902735755,-0.22741861531407614
004321,0000032604,2024,2024-09-30,1968.0,44246.0,17492.0,7666.0,10192.0,5742.0,21636.0,3823,0.04447859693531619,0.17325859964742577,1.7749912922326716,10.697520250869932,0.153445433564128
004723,0000036104,2014,2014-12-31,5851.0,402529.0,21392.0,27506.0,,,38723.0,6020,0.014535598677362377,0.06833296482986319,,12.905522422934743,
004723,0000036104,2015,2015-12-31,5879.0,421853.0,21494.0,25719.0,,,40630.0,6020,0.013936134150995726,0.060966734857877035,,12.952412191101022,0.004768137621540713
004723,0000036104,2016,2016-12-31,5888.0,445964.0,22744.0,27862.0,,,41797.0,6020,0.013202859423630607,0.062475894915284644,,13.00799351025558,0.058155764399367316
004723,0000036104,2017,2017-12-31,6218.0,462040.0,23996.0,29687.0,,,43621.0,6020,0.013457709289239027,0.06425201281274348,,13.043406746402617,0.05504748505100254
004723,0000036104,2018,2018-12-31,7096.0,467374.0,25775.0,33260.0,,,45045.0,6020,0.01518270164793078,0.07116356493942752,,13.054885072667604,0.07413735622603768
004723,0000036104,2019,2019-12-31,6914.0,495426.0,27325.0,37811.0,,,45869.0,6020,0.013955666436561666,0.07632017697900392,,13.113173277502367,0.06013579049466533
004723,0000036104,2020,2020-12-31,4959.0,553905.0,25241.0,33756.0,,,47112.0,6020,0.008952798765131205,0.060941858260893114,,13.224748470880616,-0.07626715462031108
004723,0000036104,2021,2021-12-31,7963.0,573284.0,23714.0,26150.0,,,48547.0,6020,0.01389014868721262,0.045614390075425094,,13.259136509907684,-0.0604968107444237
004723,0000036104,2022,2022-12-31,5825.0,674805.0,27401.0,35576.0,,,43958.0,6020,0.008632123354154163,0.05272041552744867,,13.422179039229345,0.15547777684068476
004723,0000036104,2023,2023-12-31,5429.0,663491.0,40764.0,40748.0,,,48498.0,6020,0.00818247723028647,0.06141454820035238,,13.405270568231353,0.48768293127988027
004723,0000036104,2024,2024-12-31,6299.0,678318.0,42712.0,49066.0,,,51770.0,6020,0.009286204995297191,0.07233480461966216,,13.427371483512635,0.04778726327151417
004839,0000037996,2014,2014-12-31,3187.0,208527.0,144077.0,79999.0,,,24805.0,3711,0.015283392558277825,0.38363856958571313,,12.247823808239936,
004839,0000037996,2015,2015-12-31,7373.0,224925.0,149558.0,89856.0,,,28642.0,3711,0.03277981549405357,0.3994931643881294,,12.32352229228532,0.038042158012729255
004839,0000037996,2016,2016-12-31,4596.0,237951.0,151800.0,93301.0,108461.0,90281.0,29170.0,3711,0.01931490096700581,0.39210173523120306,1.2013712741329847,12.379820049103989,0.014990839674240197
004839,0000037996,2017,2017-12-31,7602.0,257808.0,156776.0,102666.0,115902.0,94600.0,34890.0,3711,0.029487060137776952,0.3982265872277043,1.2251797040169132,12.45997040081335,0.032779973649538885
004839,0000037996,2018,2018-12-31,3677.0,256540.0,160338.0,100720.0,114649.0,95569.0,35932.0,3711,0.014333047477976145,0.39260933967412487,1.1996463288304784,12.455039876853842,0.022720314333826597
004839,0000037996,2019,2019-12-31,47.0,258537.0,155900.0,102408.0,114047.0,98132.0,33185.0,3711,0.00018179216127672248,0.3961057798303531,1.1621795133086048,12.462794096150287,-0.02767902805323752
004839,0000037996,2020,2020-12-31,-1279.0,267261.0,127144.0,111332.0,116744.0,97192.0,30690.0,3711,-0.0047855841293716625,0.4165665772409742,1.2011688204790518,12.495980988002826,-0.1844515715202053
004839,0000037996,2021,2021-12-31,17937.0,257035.0,136341.0,89448.0,108996.0,90727.0,48519.0,3711,0.06978427062462311,0.3479992997062657,1.2013623287444752,12.456967541375208,0.07233530485119233
004839,0000037996,2022,2022-12-31,-1981.0,255884.0,158057.0,89906.0,116476.0,96866.0,43242.0,3711,-0.007741789248253115,0.35135452001688267,1.2024446142093201,12.452479495769545,0.15927710666637318
004839,0000037996,2023,2023-12-31,4347.0,273310.0,176191.0,100957.0,121481.0,101531.0,42773.0,3711,0.01590501628187772,0.36938641103508835,1.1964917118909495,12.518361961074795,0.1147307616872395
004839,0000037996,2024,2024-12-31,5879.0,285196.0,184992.0,105355.0,124474.0,106859.0,44835.0,3711,0.020613893602995835,0.36941261448267154,1.1648433917592342,12.560931942178481,0.04995147311724213
005046,0000040533,2014,2014-12-31,2533.0,35355.0,30852.0,3410.0,17407.0,13751.0,11829.0,3721,0.07164474614623108,0.0964502899165606,1.2658715729765109,10.473195104038341,
005046,0000040533,2015,2015-12-31,2965.0,31997.0,31469.0,2898.0,14571.0,12445.0,10738.0,3721,0.09266493733787542,0.0905709910304091,1.170831659300924,10.373397427387058,0.01999870348761834
005046,0000040533,2016,2016-12-31,2955.0,32872.0,31353.0,2988.0,15447.0,12846.0,10976.0,3721,0.08989413482599172,0.0908980287174495,1.2024754787482486,10.400376510563246,-0.0036861673392862837
005046,0000040533,2017,2017-12-31,2912.0,35046.0,30973.0,3980.0,18328.0,13099.0,11435.0,3721,0.08309079495520173,0.11356502881926611,1.3991907779219788,10.464416763268364,-0.012120052307594165
005046,0000040533,2018,2018-12-31,3345.0,45408.0,36193.0,11699.0,18189.0,14739.0,11732.0,3721,0.07366543340380549,0.2576418252290345,1.2340728679014858,10.723443579959769,0.16853388435088634
005046,0000040533,2019,2019-12-31,3484.0,48841.0,39350.0,10548.0,19780.0,16801.0,13577.0,3721,0.07133351077987757,0.21596609406031816,1.1773108743527172,10.796325403035505,0.08722681181443925
005046,0000040533,2020,2020-12-31,3167.0,51308.0,37925.0,11399.0,21543.0,15964.0,15661.0,3721,0.061725267014890464,0.2221680829500273,1.3494738160861939,10.84560196441974,-0.036213468869123244
005046,0000040533,2021,2021-12-31,3257.0,50073.0,38469.0,11833.0,19987.0,13978.0,17641.0,3721,0.06504503424999501,0.23631498012901164,1.429889826870797,10.821237219646527,0.014344100197758669
005046,0000040533,2022,2022-12-31,3390.0,51585.0,39407.0,10573.0,21063.0,15341.0,18568.0,3721,0.06571677813317825,0.2049626829504701,1.3729874193338114,10.850986211534476,0.02438326964568871
005046,0000040533,2023,2023-12-31,3315.0,54810.0,42272.0,10251.0,23615.0,16432.0,21299.0,3721,0.06048166392993979,0.18702791461412152,1.437134858812074,10.911627938040162,0.07270281929606415
005046,0000040533,2024,2024-12-31,3782.0,55880.0,47716.0,8855.0,24386.0,17824.0,22063.0,3721,0.067680744452398,0.15846456692913385,1.3681552962298025,10.930961813370898,0.12878501135503417
005606,0000047217,2014,2014-10-31,5013.0,103206.0,111454.0,16039.0,50145.0,43735.0,26731.0,3570,0.04857275739782571,0.15540763133926322,1.1465645364124843,11.544482269874447,
005606,0000047217,2015,2015-10-31,4554.0,106882.0,103355.0,21780.0,51787.0,42191.0,27768.0,3570,0.04260773563368949,0.20377612694373234,1.2274418714891802,11.579480701170246,-0.07266675040824022
005606,0000047217,2016,2016-10-31,2496.0,29010.0,48238.0,6758.0,18468.0,18808.0,-3889.0,3570,0.0860392967942089,0.23295415374008963,0.9819225861335602,10.27539587711545,-0.5332785061196845
005606,0000047217,2017,2017-10-31,2526.0,32913.0,52056.0,6747.0,22318.0,22412.0,-3408.0,3570,0.07674778962719898,0.20499498678333788,0.9958058183116187,10.401622995485601,0.07914921845847678
005606,0000047217,2018,2018-10-31,5327.0,34622.0,58472.0,4524.0,21387.0,25131.0,-639.0,3570,0.15386170642943792,0.13066836115764544,0.8510206517846485,10.452244597136675,0.12325188258798225
005606,0000047217,2019,2019-10-31,3152.0,33467.0,58756.0,4780.0,20177.0,25293.0,-1193.0,3570,0.09418232886126632,0.14282726267666657,0.7977305973984897,10.418315157681416,0.004857025584895425
005606,0000047217,2020,2020-10-31,2844.0,34681.0,56639.0,6447.0,20648.0,26220.0,-2228.0,3570,0.08200455580865604,0.18589429370548716,0.787490465293669,10.453947265542192,-0.03603036285655936
005606,0000047217,2021,2021-10-31,6503.0,38610.0,63487.0,7322.0,22170.0,29096.0,-1650.0,3570,0.16842786842786842,0.18963998963998965,0.7619604069287874,10.561266589258283,0.12090608944366954
005606,0000047217,2022,2022-10-31,3132.0,38494.0,62910.0,11671.0,19736.0,26189.0,-3025.0,3570,0.08136332935002857,0.3031901075492284,0.7535988392073008,10.55825766397507,-0.00908847480586572
005606,0000047217,2023,2023-10-31,3263.0,37004.0,53718.0,10079.0,17977.0,24488.0,-1069.0,3570,0.08817965625337801,0.2723759593557453,0.7341146684090166,10.518781293891209,-0.14611349546971864
005606,0000047217,2024,2024-10-31,2775.0,39909.0,53559.0,9050.0,20760.0,28687.0,-1323.0,3570,0.06953318800270615,0.22676589240522188,0.7236727437515251,10.594357141352015,-0.0029599017089243507
006008,0000050863,2014,2014-12-31,11704.0,91956.0,55870.0,12107.0,27730.0,16019.0,55865.0,3674,0.12727826351733437,0.1316607942929227,1.7310693551407703,11.429065480758405,
006008,0000050863,2015,2015-12-31,11420.0,103065.0,55355.0,20036.0,40356.0,15667.0,61085.0,3674,0.11080386164071217,0.19440159122883618,2.5758600880832323,11.543115136133286,-0.009217827098621845
006008,0000050863,2016,2016-12-31,10316.0,113327.0,59387.0,20649.0,35508.0,20302.0,66226.0,3674,0.09102861630502881,0.18220724099287902,1.7489902472662793,11.638032724009816,0.07283894860446205
006008,0000050863,2017,2017-12-31,9601.0,123249.0,62761.0,25037.0,29500.0,17421.0,69019.0,3674,0.07789921216399322,0.2031416076398186,1.6933585902072212,11.721961978281758,0.056813780793776525
006008,0000050863,2018,2018-12-31,21053.0,127963.0,70848.0,25098.0,28787.0,16626.0,74563.0,3674,0.1645241202535108,0.19613482022147027,1.7314447251293155,11.759496438615137,0.1288539060881757
006008,0000050863,2019,2019-12-31,21048.0,136524.0,71965.0,25683.0,31239.0,22310.0,77504.0,3674,0.15417069526237145,0.18812076997450997,1.4002241147467502,11.824255702327717,0.01576614724480585
006008,0000050863,2020,2020-12-31,20899.0,153091.0,77867.0,34251.0,47249.0,24754.0,81038.0,3674,0.13651357689217525,0.22372967712014422,1.908742021491476,11.938787794810091,0.08201208921003267
006008,0000050863,2021,2021-12-31,19868.0,168406.0,79024.0,33805.0,57718.0,27462.0,95391.0,3674,0.11797679417597948,0.20073512820208306,2.1017405869929355,12.03413300960933,0.014858669269395275
006008,0000050863,2022,2022-12-31,8014.0,182103.0,63054.0,37920.0,50407.0,32155.0,101423.0,3674,0.04400806137186098,0.20823380174955933,1.5676255636759446,12.112327740044577,-0.20209050415063778
006008,0000050863,2023,2023-12-31,1689.0,191572.0,54228.0,47267.0,43269.0,28053.0,105590.0,3674,0.008816528511473493,0.24673229908337335,1.5424018821516416,12.163018996052674,-0.13997525930155108
006008,0000050863,2024,2024-12-31,-18756.0,196485.0,53101.0,46561.0,47324.0,35666.0,99270.0,3674,-0.09545766852431484,0.23696974323739725,1.3268659227275277,12.18834137149986,-0.02078262152393595
006066,0000051143,2014,2014-12-31,12022.0,117532.0,92793.0,35074.0,49422.0,39600.0,11868.0,7370,0.10228703672191403,0.29842085559677367,1.248030303030303,11.674465915913961,
006066,0000051143,2015,2015-12-31,13190.0,110495.0,81741.0,33428.0,42504.0,34269.0,14262.0,7370,0.11937191728132494,0.302529526222906,1.2403046485161515,11.612725550047406,-0.119103811709935
006066,0000051143,2016,2016-12-31,11872.0,117470.0,79920.0,34655.0,43888.0,36275.0,18246.0,7370,0.10106410147271644,0.29501149229590534,1.2098690558235699,11.673938260817932,-0.022277681946636374
006066,0000051143,2017,2017-12-31,5753.0,125356.0,79139.0,39837.0,49735.0,37363.0,17594.0,7370,0.045893295893295896,0.3177909314272951,1.3311297272702942,11.73891296841617,-0.009772272272272287
006066,0000051143,2018,2018-12-31,8728.0,123382.0,79591.0,35605.0,49146.0,38227.0,16796.0,7370,0.07073965408244315,0.2885753189282067,1.2856358071520129,11.723040512714919,0.005711469692566196
006066,0000051143,2019,2019-12-31,9431.0,152186.0,77147.0,57981.0,38420.0,37701.0,20841.0,7370,0.06197022065104543,0.3809877386881842,1.019071112172091,11.932858735947638,-0.030706989483735625
006066,0000051143,2020,2020-12-31,5590.0,155971.0,73620.0,57929.0,39165.0,39869.0,20597.0,7370,0.035839995896673096,0.37140878753101536,0.9823421706087436,11.957425371514706,-0.045717915149001254
006066,0000051143,2021,2021-12-31,5743.0,132001.0,57350.0,47379.0,29539.0,33619.0,18901.0,7370,0.04350724615722608,0.3589290990219771,0.8786400547309557,11.790564777297387,-0.22099972833469161
006066,0000051143,2022,2022-12-31,1639.0,127243.0,60530.0,48379.0,29118.0,31505.0,21944.0,7370,0.012880865745070455,0.38020952036654276,0.924234248531979,11.753853923076491,0.05544899738448117
006066,0000051143,2023,2023-12-31,7502.0,135241.0,61860.0,52689.0,32908.0,34121.0,22533.0,7370,0.055471343749306797,0.38959339253628705,0.9644500454265702,11.814813651056538,0.02197257558235588
006066,0000051143,2024,2024-12-31,6023.0,137175.0,62753.0,52539.0,34482.0,33142.0,27307.0,7370,0.04390741753234919,0.38300710770913066,1.0404320801400035,11.829012761927176,0.014435822825735523
006829,0000060667,2014,2015-01-31,2698.0,31827.0,56223.0,10815.0,10080.0,9348.0,9968.0,5211,0.0847707920947623,0.33980582524271846,1.0783055198973042,10.36807026512738,
006829,0000060667,2015,2016-01-31,2546.0,31266.0,59074.0,11545.0,10561.0,10492.0,7654.0,5211,0.08143030768246658,0.36925094351691934,1.006576439191765,10.35028652413727,0.05070878466108186
006829,0000060667,2016,2017-01-31,3091.0,34408.0,65017.0,14394.0,12000.0,11974.0,6434.0,5211,0.08983375959079284,0.41833294582655195,1.002171371304493,10.446044374463572,0.1006026339844941
006829,0000060667,2017,2018-01-31,3447.0,35291.0,68619.0,15564.0,12772.0,12096.0,5873.0,5211,0.09767362783712562,0.44101895667450625,1.0558862433862435,10.471383252907115,0.055400895150499174
006829,0000060667,2018,2019-01-31,2314.0,34508.0,71309.0,14391.0,14228.0,14497.0,3644.0,5211,0.06705691433870407,0.41703373130868204,0.9814444367800235,10.448946460196469,0.03920197029977124
006829,0000060667,2019,2020-01-31,4281.0,39471.0,72148.0,20711.0,15318.0,15182.0,1972.0,5211,0.10845937523751616,0.5247143472422792,1.0089579765511791,10.583321504033949,0.01176569577472697
006829,0000060667,2020,2021-01-31,5835.0,46735.0,89597.0,24558.0,22326.0,18730.0,1437.0,5211,0.12485289397667701,0.5254734139296031,1.191991457554725,10.752248627616684,0.2418500859344681
006829,0000060667,2021,2022-01-31,8442.0,44640.0,96250.0,27880.0,20060.0,19668.0,-4816.0,5211,0.18911290322580646,0.6245519713261649,1.0199308521456172,10.706385597055192,0.07425471834994468
006829,0000060667,2022,2023-01-31,6437.0,43708.0,97059.0,36388.0,21442.0,19511.0,-14254.0,5211,0.14727281046947927,0.8325249382264116,1.098969811900979,10.685286430690637,0.00840519480519486
006829,0000060667,2023,2024-01-31,7726.0,41795.0,86377.0,39121.0,19071.0,15568.0,-15050.0,5211,0.1848546476851298,0.9360210551501376,1.225012846865365,10.640531994133257,-0.11005676959375221
006829,0000060667,2024,2025-01-31,6957.0,43102.0,83674.0,36529.0,20358.0,18757.0,-14231.0,5211,0.16140782330286296,0.8475012760428751,1.0853548008743403,10.671324678727517,-0.03129305254871084
007146,0000063754,2014,2014-11-30,437.9,4414.3,4243.2,1014.1,1416.2,1122.0,1792.2,2090,0.09920032621253652,0.22973064812087987,1.262210338680927,8.392604550071242,
007146,0000063754,2015,2015-11-30,401.6,4507.8,4296.3,1052.7,1406.5,1240.2,1670.2,2090,0.08909002174009495,0.2335285505124451,1.1340912756007095,8.41356450860317,0.012514140271493224
007146,0000063754,2016,2016-11-30,472.3,4635.9,4411.5,1054.0,1421.8,1422.7,1626.6,2090,0.10187881533251365,0.22735606894022736,0.9993674000140577,8.441585633907758,0.026813769988129232
007146,0000063754,2017,2017-11-30,477.4,10385.8,4834.1,4443.9,1617.0,1947.3,2559.9,2090,0.045966608253577,0.4278823008338308,0.830380526883377,9.248194767527151,0.09579508103819578
007146,0000063754,2018,2018-11-30,933.4,10256.4,5408.9,4052.9,1479.9,2001.7,3170.9,2090,0.091006591006591,0.3951581451581452,0.7393215766598392,9.235657179959972,0.11890527709397802
007146,0000063754,2019,2019-11-30,702.7,10362.1,5347.4,3625.8,1550.2,2154.4,3444.2,2090,0.06781443915808572,0.3499097673251561,0.7195506869662087,9.24591019797476,-0.011370149198543178
007146,0000063754,2020,2020-11-30,747.4,12089.7,5601.3,3857.3,2083.6,3046.5,3926.1,2090,0.061821219715956555,0.31905671770184535,0.6839323814213031,9.400109129405188,0.04748101881288114
007146,0000063754,2021,2021-11-30,755.3,12905.8,6317.9,4079.4,2195.8,3223.8,4411.0,2090,0.05852407444714779,0.3160904399572286,0.6811216576710715,9.465432101707494,0.12793458661382173
007146,0000063754,2022,2022-11-30,682.0,13124.9,6350.5,3818.4,2386.7,3432.4,4680.5,2090,0.051962300665147926,0.2909279308794734,0.6953443654585711,9.48226646838318,0.005159942385919436
007146,0000063754,2023,2023-11-30,680.6,12862.3,6662.2,3519.8,2001.6,3098.9,5060.7,2090,0.05291433102944264,0.27365245718106407,0.6459066120236212,9.462055830944644,0.04908274938981183
007146,0000063754,2024,2024-11-30,788.5,13070.3,6723.7,3760.2,2139.0,2882.8,5291.0,2090,0.06032761298516484,0.28769041261485967,0.7419869571250173,9.478097759683077,0.009231184893878863
007435,0000066740,2014,2014-12-31,4956.0,31269.0,31821.0,6790.0,11765.0,5998.0,13109.0,2670,0.1584956346541303,0.21714797403178868,1.9614871623874626,10.350382470407432,
007435,0000066740,2015,2015-12-31,4833.0,32718.0,30274.0,8799.0,10986.0,7118.0,11708.0,2670,0.1477168531083807,0.26893453145057766,1.5434110705254285,10.395680664154117,-0.04861569403852806
007435,0000066740,2016,2016-12-31,5050.0,32906.0,30109.0,10723.0,11726.0,6219.0,10298.0,2670,0.1534674527441804,0.32586762292591015,1.8855121402154686,10.401410290946595,-0.00545022131201689
007435,0000066740,2017,2017-12-31,4858.0,37987.0,31657.0,12156.0,14277.0,7687.0,11563.0,2670,0.12788585568747202,0.32000421196725193,1.857291531156498,10.54499927491401,0.05141319871134886
007435,0000066740,2018,2018-12-31,5349.0,36500.0,32765.0,13486.0,13709.0,7244.0,9796.0,2670,0.14654794520547945,0.36947945205479454,1.8924627277747101,10.505067539570582,0.03500015794295108
007435,0000066740,2019,2019-12-31,4570.0,44659.0,32136.0,18236.0,12971.0,9222.0,10063.0,2670,0.1023309971114445,0.4083387447099129,1.406527868141401,10.706811133741756,-0.019197314207233362
007435,0000066740,2020,2020-12-31,5384.0,47344.0,32184.0,18691.0,14982.0,7948.0,12867.0,2670,0.11372085163906726,0.39479131463332207,1.885002516356316,10.76519537463999,0.0014936519790889058
007435,0000066740,2021,2021-12-31,5921.0,47072.0,35355.0,16740.0,15403.0,9035.0,15046.0,2670,0.12578602991162474,0.3556254248810333,1.704814609850581,10.759433623401165,0.09852721849366142
007435,0000066740,2022,2022-12-31,5777.0,46455.0,34229.0,14656.0,14688.0,9523.0,14722.0,2670,0.12435690453126681,0.31548810676999245,1.5423711015436312,10.746239381075412,-0.031848394852213247
007435,0000066740,2023,2023-12-31,-6995.0,50580.0,31392.0,13682.0,16379.0,15297.0,4807.0,9997,-0.13829576907868724,0.2705021747726374,1.0707328234294307,10.831311520223956,-0.08288293552251014
007435,0000066740,2024,2024-12-31,4173.0,39868.0,23630.0,11577.0,15884.0,11256.0,3842.0,9997,0.10467041236079061,0.29038326477375337,1.4111584932480454,10.593329276087347,-0.24726044852191642
007647,0000070858,2014,2014-12-31,4833.0,2104534.0,95181.0,212415.0,,,224162.0,6020,0.0022964703825169848,0.10093208282688709,,14.559604622918757,
007647,0000070858,2015,2015-12-31,15888.0,2144316.0,93056.0,193430.0,,,233932.0,6020,0.007409355710632202,0.09020592114221972,,14.578331178371979,-0.02232588436767846
007647,0000070858,2016,2016-12-31,17906.0,2187702.0,93662.0,172859.0,,,241620.0,6020,0.008184844188102402,0.07901396076796566,,14.598362235807711,0.006512207702888517
007647,0000070858,2017,2017-12-31,18232.0,2281234.0,100417.0,185345.0,,,244823.0,6020,0.007992165643682323,0.08124769313450528,,14.640227082589712,0.07212103094104338
007647,0000070858,2018,2018-12-31,28147.0,2354507.0,111313.0,191365.0,,,242999.0,6020,0.011954519566091755,0.08127603782872593,,14.671841921691694,0.10850752362647764
007647,0000070858,2019,2019-12-31,27430.0,2434079.0,113589.0,226798.0,,,241409.0,6020,0.011269149440096233,0.0931761048018573,,14.70507900886403,0.02044684807704411
007647,0000070858,2020,2020-12-31,17894.0,2819627.0,93753.0,253056.0,,,248414.0,6020,0.006346229483545164,0.08974804114161199,,14.852115164662369,-0.17462958561128283
007647,0000070858,2021,2021-12-31,31978.0,3169495.0,93851.0,279070.0,,,245358.0,6020,0.010089304447553947,0.08804872700540622,,14.969082827169224,0.0010452998837371386
007647,0000070858,2022,2022-12-31,27528.0,3051375.0,115053.0,270050.0,,,244800.0,6020,0.009021506697800172,0.08850108557617467,,14.931102866667068,0.22591128490905787
007647,0000070858,2023,2023-12-31,26515.0,3180151.0,173512.0,285249.0,,,263249.0,6020,0.008337654406976272,0.08969668421405147,,14.972439237905746,0.508104960322634
007647,0000070858,2024,2024-12-31,27132.0,3261519.0,192434.0,266747.0,,,272400.0,6020,0.008318823223166873,0.08178612480871643,,14.997703595741715,0.10905297616303189
008007,0000072971,2014,2014-12-31,23057.0,1687155.0,88372.0,167337.0,,,166541.0,6020,0.013666201386357508,0.09918294406856513,,14.338554236382762,
008007,0000072971,2015,2015-12-31,22894.0,1787632.0,90033.0,167632.0,,,172280.0,6020,0.012806886428526676,0.09377321506887323,,14.396402396977653,0.018795546100574878
008007,0000072971,2016,2016-12-31,21938.0,1930115.0,93512.0,225532.0,,,176595.0,6020,0.011366162119873686,0.11684899604427715,,14.473090144598151,0.03864138704697173
008007,0000072971,2017,2017-12-31,22183.0,1951757.0,96776.0,185194.0,,,183256.0,6020,0.011365656687794639,0.09488578752375423,,14.484240550501019,0.03490461117289767
008007,0000072971,2018,2018-12-31,22393.0,1895883.0,100858.0,182497.0,,,174454.0,6020,0.011811382875420055,0.09625963205535362,,14.455195251032274,0.04217987930891964
008007,0000072971,2019,2019-12-31,19549.0,1927555.0,102453.0,193842.0,,,166740.0,6020,0.010141863656289963,0.10056366744398992,,14.47176291838347,0.015814313192805685
008007,0000072971,2020,2020-12-31,3301.0,1955163.0,80303.0,186635.0,,,164626.0,6020,0.0016883502807694295,0.0954575142839753,,14.4859841238851,-0.21619669506993455
008007,0000072971,2021,2021-12-31,21548.0,1948068.0,81732.0,149394.0,,,168195.0,6020,0.011061215522250763,0.07668828808850615,,14.482348670172897,0.017795101054755014
008007,0000072971,2022,2022-12-31,13182.0,1881016.0,82859.0,158828.0,,,160870.0,6020,0.007007914871537509,0.08443734662544072,,14.44732261436076,0.013788968824939962
008007,0000072971,2023,2023-12-31,19142.0,1932468.0,115340.0,181549.0,,,166287.0,6020,0.009905468033623325,0.09394670442149625,,14.474308500445037,0.39200328268504325
008007,0000072971,2024,2024-12-31,19722.0,1929845.0,125397.0,159327.0,,,160512.0,6020,0.010219473584666126,0.08255948016550552,,14.472950246775147,0.08719438182763994
008530,0000078003,2014,2014-12-31,9136.0,169274.0,49605.0,31541.0,57702.0,21631.0,71272.0,2834,0.053971667237732904,0.18633103725321076,2.6675604456566964,12.039273982789505,
008530,0000078003,2015,2015-12-31,6960.0,167460.0,48851.0,28818.0,43804.0,29399.0,64694.0,2834,0.041562164098889284,0.1720888570404873,1.4899826524711726,12.028499795758423,-0.015200080637032598
008530,0000078003,2016,2016-12-31,7215.0,171615.0,52824.0,31398.0,38949.0,31115.0,59520.0,2834,0.04204177956472337,0.18295603531159862,1.2517756708982806,12.053008874803155,0.08132893901864846
008530,0000078003,2017,2017-12-31,21308.0,171797.0,52546.0,33538.0,41142.0,30427.0,71287.0,2834,0.12403010529869556,0.19521877564800316,1.3521543366089328,12.054068826214518,-0.005262759351809754
008530,0000078003,2018,2018-12-31,11153.0,159422.0,53647.0,32909.0,49926.0,31858.0,63388.0,2834,0.06995897680370337,0.20642696741980404,1.5671416912549438,11.979310053380576,0.02095306969131805
008530,0000078003,2019,2019-12-31,16273.0,167489.0,51750.0,37003.0,32803.0,37304.0,63126.0,2834,0.09715861937201846,0.22092794153645912,0.8793426978340124,12.02867295644899,-0.035360784386824995
008530,0000078003,2020,2020-12-31,9616.0,154229.0,41908.0,38247.0,35067.0,25920.0,63238.0,2834,0.062348844899467674,0.24798838091409528,1.3528935185185185,11.946193789873778,-0.1901835748792271
008530,0000078003,2021,2021-12-31,21979.0,181476.0,81288.0,38705.0,59693.0,42671.0,77201.0,2834,0.12111243360003526,0.21327889087262228,1.3989126104380023,12.108878692538742,0.939677388565429
008530,0000078003,2022,2022-12-31,31372.0,197205.0,100330.0,35482.0,51259.0,42138.0,95661.0,2834,0.1590831875459547,0.17992444410638675,1.216455455883051,12.191999075798813,0.2342535183544927
008530,0000078003,2023,2023-12-31,2119.0,226501.0,61996.0,64165.0,43333.0,47794.0,89014.0,2834,0.009355367084472033,0.28328793250360923,0.9066619240908901,12.330504638906516,-0.382079138841822
008530,0000078003,2024,2024-12-31,8031.0,213396.0,62856.0,59691.0,50358.0,42995.0,88203.0,2834,0.03763425743687792,0.27971939492773995,1.1712524712175834,12.270904873531661,0.013871862700819415
010499,0000097476,2014,2014-12-31,2821.0,17722.0,13045.0,3641.0,7768.0,2662.0,10390.0,3674,0.15918067938155964,0.20545085204830155,2.9181066867017282,9.782562084607248,
010499,0000097476,2015,2015-12-31,2986.0,16230.0,13000.0,3120.0,7074.0,2555.0,9946.0,3674,0.1839802834257548,0.1922365988909427,2.768688845401174,9.694616660508636,-0.003449597546952843
010499,0000097476,2016,2016-12-31,3595.0,16431.0,13370.0,2978.0,7457.0,2264.0,10473.0,3674,0.2187937435335646,0.181242772807498,3.293727915194346,9.706925073451831,0.028461538461538538
010499,0000097476,2017,2017-12-31,3682.0,17642.0,14961.0,3577.0,8734.0,2258.0,10337.0,3674,0.20870649586214715,0.2027547897063825,3.8680248007085916,9.778037701818713,0.1189977561705311
010499,0000097476,2018,2018-12-31,5580.0,17137.0,15784.0,4319.0,8097.0,2474.0,8994.0,3674,0.32561125051059114,0.25202777615685357,3.272837510105093,9.74899514766085,0.05500969186551696
010499,0000097476,2019,2019-12-31,5017.0,18018.0,14383.0,5562.0,8761.0,2123.0,8907.0,3674,0.27844377844377843,0.3086913086913087,4.12670748940179,9.799126537211386,-0.08876077040040542
010499,0000097476,2020,2020-12-31,5595.0,19351.0,14461.0,6497.0,10239.0,2390.0,9187.0,3674,0.28913234458167536,0.3357449227430107,4.284100418410042,9.870499376709148,0.005423068900785699
010499,0000097476,2021,2021-12-31,7769.0,24676.0,18344.0,7624.0,13685.0,2569.0,13333.0,3674,0.3148403306856865,0.3089641757172962,5.3269754768392374,10.113586390329528,0.2685153170596777
010499,0000097476,2022,2022-12-31,8749.0,27207.0,20028.0,8579.0,14021.0,2985.0,14577.0,3674,0.321571654353659,0.31532326239570696,4.69715242881072,10.211229572115677,0.09180113388573918
010499,0000097476,2023,2023-12-31,6510.0,32348.0,17519.0,11102.0,15122.0,3320.0,16897.0,3674,0.2012489180165698,0.3432051440583653,4.554819277108434,10.384307474215714,-0.12527461553824648
010499,0000097476,2024,2024-12-31,4799.0,35509.0,15641.0,13509.0,15026.0,3643.0,16903.0,3674,0.13514883550649132,0.380438762003999,4.124622563821027,10.477541464459218,-0.10719789942348312
010530,0000097745,2014,2014-12-31,1894.4,42852.1,16889.6,12351.6,6539.8,5349.8,20548.1,3826,0.0442078684591887,0.28823791599478205,1.222438221989607,10.665509930993093,
010530,0000097745,2015,2015-12-31,1975.4,40889.0,16965.4,11473.9,5741.2,4147.3,21350.2,3826,0.0483112817628213,0.28061092225292866,1.3843223301907264,10.61861635720246,0.004487968927624264
010530,0000097745,2016,2016-12-31,2021.8,45907.5,18274.1,15372.4,7021.0,4865.8,21539.3,3826,0.044040734084844525,0.3348559603550618,1.4429281926918491,10.734383781393335,0.07713935421504936
010530,0000097745,2017,2017-12-31,2225.0,56669.0,20918.0,18873.0,9421.0,7048.0,25413.0,3826,0.039263089166916655,0.3330392277965025,1.3366912599318956,10.94498260298715,0.14468017576789016
010530,0000097745,2018,2018-12-31,2938.0,56232.0,24358.0,17719.0,10625.0,6147.0,27586.0,3826,0.0522478304168445,0.31510527813344713,1.728485440052058,10.937241268855741,0.16445166841954295
010530,0000097745,2019,2019-12-31,3696.0,58381.0,25542.0,17647.0,11893.0,6197.0,29675.0,3826,0.06330826810092324,0.3022729997773248,1.9191544295626917,10.974745773415224,0.04860826011987851
010530,0000097745,2020,2020-12-31,6375.0,69052.0,32218.0,19733.0,21957.0,10304.0,34507.0,3826,0.0923217285523953,0.2857701442391241,2.1309200310559007,11.142615122936439,0.2613734241641219
010530,0000097745,2021,2021-12-31,7725.0,95123.0,39211.0,33536.0,20113.0,13436.0,40793.0,3826,0.0812106430621406,0.35255406158342356,1.496948496576362,11.462926069975811,0.21705257930349497
010530,0000097745,2022,2022-12-31,6950.0,97154.0,44915.0,30222.0,25229.0,17010.0,43978.0,3826,0.07153591205714639,0.3110731416102271,1.4831863609641387,11.484052627401113,0.1454693835913392
010530,0000097745,2023,2023-12-31,5995.0,98726.0,42857.0,32552.0,24589.0,14012.0,46735.0,3826,0.06072361890484776,0.32972064096590564,1.7548529831572937,11.50010361525017,-0.04581988199933207
010530,0000097745,2024,2024-12-31,6335.0,97321.0,42879.0,30300.0,22137.0,13332.0,49584.0,3826,0.06509386463353233,0.3113408205834301,1.6604410441044104,11.485770072224856,0.0005133350444501694
010867,0000100885,2014,2014-12-31,5180.0,52716.0,23988.0,11018.0,4679.0,3765.0,21189.0,4011,0.09826238713104181,0.20900675316791867,1.242762284196547,10.87267429376378,
010867,0000100885,2015,2015-12-31,4772.0,54600.0,21813.0,13607.0,4130.0,3206.0,20702.0,4011,0.0873992673992674,0.24921245421245422,1.2882096069868996,10.907789161732996,-0.09067033516758383
010867,0000100885,2016,2016-12-31,4233.0,55718.0,19941.0,14249.0,3596.0,3640.0,19932.0,4011,0.07597185828637065,0.25573423310240856,0.987912087912088,10.92805853349506,-0.08582038234080591
010867,0000100885,2017,2017-12-31,10712.0,57806.0,21240.0,16144.0,4006.0,3939.0,24856.0,4011,0.1853094834446251,0.27927896758121995,1.017009393247017,10.964847855501349,0.06514216939972917
010867,0000100885,2018,2018-12-31,5966.0,59147.0,22832.0,20925.0,4163.0,4626.0,20423.0,4011,0.10086733054930935,0.3537795661656551,0.8999135322092521,10.987781149608049,0.07495291902071566
010867,0000100885,2019,2019-12-31,5919.0,61673.0,21708.0,25414.0,3459.0,4351.0,18128.0,4011,0.09597392700209167,0.4120765975386312,0.7949896575499885,11.029601512821493,-0.04922915206727396
010867,0000100885,2020,2020-12-31,5349.0,62398.0,19533.0,26943.0,4214.0,4173.0,16958.0,4011,0.08572390140709638,0.431792685663002,1.0098250658998322,11.041288502561814,-0.10019347705914872
010867,0000100885,2021,2021-12-31,6523.0,63525.0,21804.0,28992.0,3551.0,5744.0,14161.0,4011,0.10268398268398268,0.45638724911452183,0.6182103064066853,11.059188808188365,0.11626478267547236
010867,0000100885,2022,2022-12-31,6998.0,65449.0,24875.0,32948.0,3952.0,5520.0,12163.0,4011,0.10692294763861938,0.5034148726489328,0.7159420289855073,11.089026492382516,0.14084571638231513
010867,0000100885,2023,2023-12-31,6379.0,67132.0,24119.0,32401.0,4148.0,5106.0,14788.0,4011,0.09502174819758089,0.48264613001251266,0.8123775949862906,11.11441610942807,-0.030391959798995005
010867,0000100885,2024,2024-12-31,6747.0,67715.0,24250.0,30692.0,4021.0,5254.0,16890.0,4011,0.0996381894705752,0.45325260282064533,0.7653216596878569,11.123063000089472,0.005431402628633064
011672,0000109198,2014,2015-01-31,2215.128,11128.381,29078.407,1684.597,6715.061,3929.634,4264.23,5651,0.1990521352566919,0.15137844399827793,1.708826063699571,9.317253970975477,
011672,0000109198,2015,2016-01-31,2277.658,11499.482,30944.938,1709.268,6772.56,4402.23,4307.075,5651,0.19806613897912967,0.14863869520383613,1.5384384732283414,9.350057269858592,0.06418958920273732
011672,0000109198,2016,2017-01-31,2298.234,12883.808,33183.744,2403.831,7750.774,4757.656,4510.599,5651,0.17838157786890332,0.18657767951835358,1.6291161025513405,9.463726608135767,0.07234805253124121
011672,0000109198,2017,2018-01-31,2607.948,14058.015,35864.664,2452.524,8485.727,5125.537,5148.309,5651,0.18551324635803845,0.1744573469298475,1.6555781374712544,9.55094797474339,0.0807901603869654
011672,0000109198,2018,2019-01-31,3059.798,14326.029,38972.934,2476.874,8469.222,5531.374,5048.606,5651,0.2135831220221598,0.17289327000524707,1.5311244547918836,9.569833371463845,0.08666664212998065
011672,0000109198,2019,2020-01-31,3272.193,24145.003,41716.977,10053.258,8890.622,7150.247,5948.212,5651,0.13552257583070088,0.4163701284278159,1.2434006825218764,10.091832722556962,0.07040894072794202
011672,0000109198,2020,2021-01-31,90.47,30813.555,32136.962,13076.137,15739.337,10803.668,5832.684,5651,0.0029360455163320166,0.42436314148107873,1.4568512286752981,10.335709969549805,-0.22964307792484584
011672,0000109198,2021,2022-01-31,3282.815,28461.458,48549.982,10930.431,13258.597,10468.14,6002.992,5651,0.11534247472494207,0.38404325597093447,1.2665666488984673,10.256306100127848,0.5107209573823439
011672,0000109198,2022,2023-01-31,3498.0,28349.0,49936.0,10634.0,12456.0,10305.0,6364.0,5651,0.12339059578821122,0.375110233165191,1.2087336244541484,10.25234703516517,0.02854827011058414
011672,0000109198,2023,2024-01-31,4474.0,29747.0,54217.0,10922.0,12664.0,10451.0,7302.0,5651,0.15040172118196793,0.3671630752680943,1.2117500717634677,10.300483565552913,0.08572973405959639
011672,0000109198,2024,2025-01-31,4864.0,31749.0,56360.0,11142.0,12991.0,11008.0,8393.0,5651,0.15320167564332735,0.35094018709250685,1.180141715116279,10.365616507761834,0.039526347824483166
006266,0000200406,2014,2014-12-31,16323.0,131119.0,74331.0,15122.0,59311.0,25085.0,69752.0,2834,0.12448996712909648,0.11533034876715045,2.3644010364759818,11.783860586787043,
006266,0000200406,2015,2015-12-31,15409.0,133411.0,70074.0,12857.0,60210.0,27747.0,71150.0,2834,0.1155002211211969,0.09637136368065602,2.1699643204670775,11.801189867834738,-0.0572708560358397
006266,0000200406,2016,2016-12-31,16540.0,141208.0,71890.0,22442.0,65032.0,26287.0,70418.0,2834,0.11713217381451475,0.15892867259645346,2.473922471183475,11.857989259660116,0.02591546079858431
006266,0000200406,2017,2017-12-31,1300.0,157303.0,76450.0,30675.0,43088.0,30537.0,60160.0,2834,0.008264305194433672,0.1950058167994253,1.4110095949176409,11.965929160701757,0.06343024064543057
006266,0000200406,2018,2018-12-31,15297.0,152954.0,81581.0,27684.0,46033.0,31230.0,59752.0,2834,0.10001046066137531,0.18099559344639565,1.4739993595901377,11.937892501574447,0.06711576193590574
006266,0000200406,2019,2019-12-31,15119.0,157728.0,82059.0,27210.0,45274.0,35964.0,59471.0,2834,0.09585488942990465,0.17251217285453438,1.2588699810922033,11.968627309505104,0.005859207413490886
006266,0000200406,2020,2020-12-31,14714.0,174894.0,82584.0,32635.0,51237.0,42493.0,63278.0,2834,0.08413095932393336,0.18659873980811234,1.205775068834867,12.071935355100928,0.006397835703579213
006266,0000200406,2021,2021-12-31,20878.0,182018.0,93775.0,29985.0,60979.0,45226.0,74023.0,2834,0.1147029414673274,0.16473645463635464,1.3483173395834254,12.111860862267442,0.13551051051051055
006266,0000200406,2022,2022-12-31,17941.0,187378.0,94943.0,26888.0,55294.0,55802.0,76804.0,2834,0.09574763312662106,0.14349603475327946,0.9908963836421634,12.140883245950512,0.012455345241269011
006266,0000200406,2023,2023-12-31,35153.0,167558.0,85159.0,25881.0,53495.0,46282.0,68774.0,2834,0.20979601093352748,0.15445994819704223,1.1558489261483946,12.029084838966819,-0.1030513044668907
006266,0000200406,2024,2024-12-31,14066.0,180104.0,88821.0,30651.0,55893.0,50321.0,71490.0,2834,0.07809932039266201,0.17018500421978414,1.1107291190556627,12.10128974080081,0.04300191406662823
002574,0000277948,2014,2014-12-31,1927.0,33053.0,12669.0,9514.0,2572.0,2107.0,11152.0,4011,0.05830030556984237,0.28784074062868725,1.2206929283341243,10.40586761271859,
002574,0000277948,2015,2015-12-31,1968.0,35039.0,11811.0,10683.0,2966.0,1952.0,11652.0,4011,0.05616598647221667,0.30488883815177376,1.5194672131147542,10.464217005830303,-0.067724366564054
002574,0000277948,2016,2016-12-31,1714.0,35414.0,11069.0,10962.0,2487.0,2040.0,11679.0,4011,0.048398938272999376,0.30953860055345345,1.2191176470588236,10.474862501166163,-0.0628227923122513
002574,0000277948,2017,2017-12-31,5471.0,35739.0,11408.0,11790.0,1915.0,1894.0,14705.0,4011,0.15308206720949102,0.3298917149332662,1.0110876451953537,10.483997808467471,0.030626072815972627
002574,0000277948,2018,2018-12-31,3309.0,36729.0,12250.0,14739.0,2565.0,1915.0,12563.0,4011,0.09009229763946745,0.40129053336600506,1.3394255874673628,10.511321912742025,0.07380785413744739
002574,0000277948,2019,2019-12-31,3331.0,38257.0,11937.0,16486.0,3278.0,2151.0,11848.0,4011,0.08706903311812217,0.4309276733669655,1.5239423523942353,10.552081829046976,-0.02555102040816326
002574,0000277948,2020,2020-12-31,2765.0,39793.0,10583.0,16759.0,4441.0,2019.0,13101.0,4011,0.06948458271555298,0.4211544744050461,2.199603764239723,10.59144629640695,-0.11342883471559018
002574,0000277948,2021,2021-12-31,3781.0,40531.0,12522.0,16663.0,3873.0,2233.0,13490.0,4011,0.09328662011793443,0.41111741629863563,1.734437975817286,10.609822392399646,0.1832183690824909
002574,0000277948,2022,2022-12-31,4166.0,41912.0,14853.0,18384.0,3849.0,2471.0,12615.0,4011,0.09939874021759877,0.43863332697079593,1.557668959935249,10.643327461088056,0.18615237182558686
002574,0000277948,2023,2023-12-31,3715.0,42408.0,14657.0,18466.0,3384.0,3224.0,12128.0,4011,0.08760139596302584,0.43543671005470663,1.0496277915632755,10.655092302667642,-0.013195987342624393
002574,0000277948,2024,2024-12-31,3470.0,42764.0,14540.0,18383.0,2820.0,3276.0,12502.0,4011,0.08114301749134786,0.4298709194649705,0.8608058608058609,10.66345190613339,-0.007982533942825998
007257,0000310158,2014,2014-12-31,11920.0,98335.0,42237.0,18699.0,33173.0,18766.0,48647.0,2834,0.12121828443585701,0.19015609904916866,1.7677182137908984,11.496135295662754,
007257,0000310158,2015,2015-12-31,4442.0,101779.0,39498.0,23929.0,29764.0,19203.0,44676.0,2834,0.04364358069935841,0.23510743866612954,1.5499661511222205,11.530559074981568,-0.06484835570708147
007257,0000310158,2016,2016-12-31,3920.0,95377.0,39807.0,24274.0,30614.0,17204.0,40088.0,2834,0.04110005556895268,0.2545058032859075,1.7794698907230877,11.465592738222727,0.007823180920552897
007257,0000310158,2017,2017-12-31,2394.0,87872.0,40122.0,21353.0,24766.0,18614.0,34336.0,2834,0.02724417334304443,0.2430011835396941,1.330503921779306,11.383636489127642,0.007913181098801791
007257,0000310158,2018,2018-12-31,6220.0,82637.0,42294.0,19806.0,25875.0,22206.0,26701.0,2834,0.07526894732383799,0.23967472197683845,1.16522561469873,11.32221280110167,0.0541348885898012
007257,0000310158,2019,2019-12-31,9843.0,84397.0,46840.0,23504.0,27483.0,22220.0,25907.0,2834,0.11662736827138405,0.27849331137362704,1.2368586858685868,11.343287134928612,0.10748569537050168
007257,0000310158,2020,2020-12-31,7067.0,91588.0,47994.0,26722.0,27764.0,27327.0,25317.0,2834,0.07716076341878848,0.2917631130715814,1.0159915102279797,11.425055537713588,0.02463706233988039
007257,0000310158,2021,2021-12-31,13049.0,105694.0,48704.0,31915.0,30266.0,23872.0,38184.0,2834,0.12346017749351902,0.3019565916702935,1.2678451742627346,11.568303405819542,0.014793515856148742
007257,0000310158,2022,2022-12-31,14519.0,109160.0,59283.0,29758.0,35722.0,24239.0,45991.0,2834,0.13300659582264565,0.2726090142909491,1.473740665869054,11.600569974822275,0.21721008541392894
007257,0000310158,2023,2023-12-31,365.0,106675.0,60115.0,34611.0,32168.0,25694.0,37581.0,2834,0.003421607686899461,0.324452777126787,1.251965439402195,11.577542108056202,0.014034377477523119
007257,0000310158,2024,2024-12-31,17117.0,117106.0,64168.0,35339.0,38782.0,28420.0,46313.0,2834,0.1461667207487234,0.3017693371816986,1.3646023926812103,11.670834786531072,0.06742077684438152
013988,0000316709,2014,2014-12-31,1321.0,154642.0,6083.0,1542.0,,,10931.0,6282,0.008542310627125878,0.009971417855433842,,11.948868047062934,
013988,0000316709,2015,2015-12-31,1447.0,183718.0,6426.0,2883.0,,,11943.0,6282,0.00787620156979719,0.015692528766914512,,12.121157252249406,0.05638665132336018
013988,0000316709,2016,2016-12-31,1889.0,223383.0,7628.0,2618.0,,,13638.0,6282,0.008456328368765751,0.011719781720184615,,12.316643066034182,0.18705259881730463
013988,0000316709,2017,2017-12-31,2354.0,243274.0,8960.0,3845.0,,,15732.0,6282,0.009676332037126862,0.015805223739487163,,12.401943659107289,0.17461982170949142
013988,0000316709,2018,2018-12-31,3507.0,296482.0,10989.0,6870.0,,,17877.0,6282,0.011828711355158155,0.023171727120027522,,12.599741787314027,0.22645089285714293
013988,0000316709,2019,2019-12-31,3704.0,294005.0,11785.0,7380.0,,,18952.0,6282,0.012598425196850394,0.025101613918130643,,12.591352052978925,0.07243607243607242
013988,0000316709,2020,2020-12-31,3299.0,549009.0,12109.0,12865.0,,,48327.0,6282,0.0060090089597802585,0.023433131333001827,,13.21587011379992,0.027492575307594302
013988,0000316709,2021,2021-12-31,5855.0,667270.0,18996.0,18840.0,,,46307.0,6282,0.008774559024083205,0.02823444782471863,,13.410950040590516,0.5687505161450161
013988,0000316709,2022,2022-12-31,7183.0,551772.0,22307.0,20991.0,,,26902.0,6282,0.013018058183452585,0.0380428872795285,,13.220890196455018,0.17429985260054748
013988,0000316709,2023,2023-12-31,5067.0,493178.0,25521.0,23334.0,,,31767.0,6282,0.010274180924534347,0.04731354602192312,,13.108625442626973,0.1440803335275922
013988,0000316709,2024,2024-12-31,5942.0,479843.0,25999.0,20995.0,,,39184.0,6282,0.012383217010563871,0.04375389450299369,,13.08121424604732,0.018729673602131625
001602,0000318154,2014,2014-12-31,5158.0,69009.0,20063.0,30215.0,34713.0,7008.0,25778.0,2836,0.07474387398745092,0.4378414409714675,4.953339041095891,11.141992209856129,
001602,0000318154,2015,2015-12-31,6939.0,71576.0,21662.0,29306.0,38518.0,8667.0,28083.0,2836,0.09694590365485638,0.4094389180730971,4.444213684089074,11.178515101227433,0.07969894831281454
001602,0000318154,2016,2016-12-31,7722.0,77626.0,22991.0,30193.0,46010.0,11204.0,29875.0,2836,0.0994769793625847,0.388954731662072,4.106569082470546,11.259657701600467,0.06135167574554523
001602,0000318154,2017,2017-12-31,1979.0,79954.0,22849.0,34190.0,49476.0,9020.0,25241.0,2836,0.024751732246041474,0.4276208820071541,5.485144124168515,11.289206748280122,-0.006176329868209263
001602,0000318154,2018,2018-12-31,8394.0,66416.0,23747.0,29510.0,37618.0,13488.0,12500.0,2836,0.12638520838352205,0.44432064562755963,2.788997627520759,11.10369327029282,0.039301501159788144
001602,0000318154,2019,2019-12-31,7842.0,59707.0,23362.0,27338.0,18440.0,12835.0,9673.0,2836,0.13134138375734838,0.457869261560621,1.436696532917803,10.997204545438429,-0.01621257421990141
001602,0000318154,2020,2020-12-31,7264.0,62948.0,25424.0,33201.0,21144.0,11653.0,9409.0,2836,0.11539683548325602,0.5274353434580924,1.814468377241912,11.050064267720755,0.08826299118226189
001602,0000318154,2021,2021-12-31,5893.0,61165.0,25979.0,33747.0,19385.0,12184.0,6700.0,2836,0.09634594948091228,0.5517371045532575,1.5910210111621799,11.021330409481017,0.021829767149150303
001602,0000318154,2022,2022-12-31,6552.0,65121.0,26323.0,37893.0,22186.0,15687.0,3661.0,2836,0.10061270557884554,0.581886027548717,1.414292088990884,11.084002356823872,0.013241464259594382
001602,0000318154,2023,2023-12-31,6717.0,97154.0,28190.0,63861.0,30332.0,18392.0,6232.0,2836,0.06913765773925933,0.6573172489038022,1.64919530230535,11.484052627401113,0.07092656612088288
001602,0000318154,2024,2024-12-31,4090.0,91839.0,33424.0,57222.0,29030.0,23099.0,5877.0,2836,0.044534457038948594,0.6230686309737693,1.256764362093597,11.42779232299237,0.18566867683575738
007906,0000320187,2014,2015-05-31,3273.0,21600.0,30601.0,1082.0,15976.0,6334.0,12707.0,3021,0.1515277777777778,0.05009259259259259,2.5222608146510894,9.980448593672257,
007906,0000320187,2015,2016-05-31,3760.0,21396.0,32376.0,2018.0,15025.0,5358.0,12258.0,3021,0.17573378201532996,0.09431669470929145,2.8042179917879806,9.970959267651141,0.058004640371229765
007906,0000320187,2016,2017-05-31,4240.0,23259.0,34350.0,3471.0,16061.0,5474.0,12407.0,3021,0.18229502558149532,0.14923255513994582,2.934051881622214,10.054447432887068,0.060971089696071123
007906,0000320187,2017,2018-05-31,1933.0,22536.0,36397.0,3468.0,15134.0,6040.0,9812.0,3021,0.08577387291444799,0.1538871139510117,2.505629139072848,10.022869309556208,0.0595924308588065
007906,0000320187,2018,2019-05-31,4029.0,23717.0,39117.0,3464.0,16525.0,7866.0,9040.0,3021,0.16987814647721045,0.14605557195260782,2.1008136282735825,10.073947369564895,0.07473143390938808
007906,0000320187,2019,2020-05-31,2539.0,31342.0,37403.0,12319.0,20556.0,8284.0,8055.0,3021,0.0810095080084232,0.3930508582732436,2.4814099468855626,10.352714330083161,-0.04381726615026715
007906,0000320187,2020,2021-05-31,5727.0,37740.0,44538.0,12344.0,26291.0,9674.0,12767.0,3021,0.15174880763116058,0.32708002119766827,2.717696919578251,10.53847581892254,0.1907600994572627
007906,0000320187,2021,2022-05-31,6046.0,40321.0,46710.0,11697.0,28213.0,10730.0,15281.0,3021,0.14994667790977406,0.2900969718012946,2.6293569431500465,10.604627704024997,0.04876734473932376
007906,0000320187,2022,2023-05-31,5070.0,37531.0,51217.0,11713.0,25202.0,9256.0,14004.0,3021,0.13508832698302736,0.31208867336335294,2.7227744165946413,10.532922537124472,0.09648897452365657
007906,0000320187,2023,2024-05-31,5700.0,38110.0,51362.0,10469.0,25382.0,10593.0,14430.0,3021,0.14956704277092628,0.27470480188926794,2.3961106391012934,10.548231993867907,0.0028310912392370824
007906,0000320187,2024,2025-05-31,3219.0,36579.0,46309.0,10511.0,23362.0,10566.0,13213.0,3021,0.08800131222832773,0.2873506656824954,2.2110543251940187,10.507229584228375,-0.09838012538452556
001690,0000320193,2014,2014-09-30,39510.0,231839.0,182795.0,28987.0,68531.0,63448.0,111547.0,3663,0.17041998973425523,0.12503073253421557,1.0801128483167317,12.353798444225676,
001690,0000320193,2015,2015-09-30,53394.0,290479.0,233715.0,53463.0,89378.0,80610.0,119355.0,3663,0.1838136319665105,0.18405117065261173,1.1087706239920605,12.579286563504489,0.27856341803659834
001690,0000320193,2016,2016-09-30,45687.0,321686.0,215091.0,75427.0,106869.0,79006.0,128249.0,3663,0.14202358821956815,0.23447399016432172,1.352669417512594,12.681331193473806,-0.07968679802323342
001690,0000320193,2017,2017-09-30,48351.0,375319.0,229234.0,97207.0,128645.0,100814.0,134047.0,3663,0.12882641166580963,0.25899834540750666,1.2760628484139107,12.835531610007385,0.06575356477026006
001690,0000320193,2018,2018-09-30,59531.0,365725.0,265359.0,93735.0,131339.0,116866.0,107147.0,3663,0.16277530931710985,0.25629913186137127,1.1238426916297297,12.809636963846287,0.1575900608112235
001690,0000320193,2019,2019-09-30,55256.0,338516.0,260174.0,91807.0,162819.0,105718.0,90488.0,3663,0.16323009842961633,0.2712043153056281,1.540125617208044,12.732326637573383,-0.019539567152423665
001690,0000320193,2020,2020-09-30,57411.0,323888.0,274515.0,107049.0,143713.0,105392.0,65339.0,3663,0.1772557180259843,0.33051239934792276,1.3636044481554577,12.688153056001358,0.05512080376978479
001690,0000320193,2021,2021-09-30,94680.0,351002.0,365817.0,119381.0,134836.0,125481.0,63090.0,3663,0.26974205275183616,0.3401148711403354,1.0745531195957954,12.768547200437467,0.33259384733074704
001690,0000320193,2022,2022-09-30,99803.0,352755.0,394328.0,109707.0,135405.0,153982.0,50672.0,3663,0.2829244092925685,0.31100055279159755,0.8793560286267226,12.773529043959043,0.0779378760418461
001690,0000320193,2023,2023-09-30,96995.0,352583.0,383285.0,106548.0,143566.0,145308.0,62146.0,3663,0.27509834563776475,0.302192675199882,0.9880116717592975,12.77304133451078,-0.02800460530319937
001690,0000320193,2024,2024-09-30,93736.0,364980.0,391035.0,96548.0,152987.0,176392.0,56950.0,3663,0.25682503150857583,0.2645295632637405,0.8673125765340832,12.807597836542806,0.02021994077514111
005680,0000354950,2014,2015-01-31,6345.0,39946.0,83176.0,16869.0,15302.0,11269.0,9322.0,5211,0.15883943323486707,0.4222950983828168,1.3578844617978525,10.595283821025117,
005680,0000354950,2015,2016-01-31,7009.0,42549.0,88519.0,20888.0,16993.0,12526.0,6316.0,5211,0.16472772568097957,0.4909163552609932,1.3566182340731279,10.658411631962718,0.06423727998461093
005680,0000354950,2016,2017-01-31,7957.0,42966.0,94595.0,22349.0,17724.0,14133.0,4333.0,5211,0.18519294325745939,0.520155471768375,1.2540861812778603,10.668164384234995,0.0686406308250207
005680,0000354950,2017,2018-01-31,8630.0,44529.0,100904.0,24267.0,18933.0,16194.0,1454.0,5211,0.19380628354555457,0.5449706932560803,1.1691367173027047,10.703895941292874,0.06669485702204137
005680,0000354950,2018,2019-01-31,11121.0,44003.0,108203.0,26807.0,18529.0,16716.0,-1878.0,5211,0.2527327682203486,0.6092084630593368,1.1084589614740368,10.692013092394305,0.07233608182034401
005680,0000354950,2019,2020-01-31,11242.0,51236.0,110225.0,33736.0,19810.0,18375.0,-3116.0,5211,0.21941603559996878,0.6584432820672964,1.078095238095238,10.844197688951027,0.01868709740025687
005680,0000354950,2020,2021-01-31,12866.0,70581.0,132110.0,41178.0,28477.0,23166.0,3299.0,5211,0.182287017752653,0.5834148000170017,1.2292583959250627,11.164516265448528,0.19854842367883885
005680,0000354950,2021,2022-01-31,16433.0,71876.0,151157.0,41957.0,29055.0,28693.0,-1696.0,5211,0.2286298625410429,0.5837414435973065,1.012616317568745,11.182697691046345,0.14417530845507542
005680,0000354950,2022,2023-01-31,17105.0,76445.0,157403.0,48188.0,32471.0,23110.0,1562.0,5211,0.2237556413107463,0.6303616979527765,1.4050627434011251,11.244326806994714,0.04132127523038953
005680,0000354950,2023,2024-01-31,15143.0,76530.0,152669.0,49825.0,29775.0,22015.0,1044.0,5211,0.19787011629426368,0.6510518750816673,1.3524869407222349,11.245438099803966,-0.030075665648049865
005680,0000354950,2024,2025-01-31,14806.0,96119.0,159514.0,56118.0,31683.0,28661.0,6640.0,5211,0.15403822345217907,0.5838387831750226,1.1054394473326123,11.473342286134198,0.04483555928184502
003062,0000723254,2014,2015-05-31,430.618,4192.46,4476.886,1300.0,1735.807,621.058,1932.455,2320,0.10271248861050553,0.31008047781016396,2.7949193151042255,8.3410429528051,
003062,0000723254,2015,2016-05-31,693.52,4104.393,4905.458,1050.0,1590.035,815.555,1842.659,2320,0.16897017415242643,0.2558234555024336,1.9496355242748806,8.319813142499806,0.09572993370838545
003062,0000723254,2016,2017-05-31,480.708,6844.057,5323.381,2770.624,1954.478,1130.852,2302.793,2320,0.07023728762048592,0.4048218768487755,1.7283234234011169,8.831135963440289,0.0851955107963418
003062,0000723254,2017,2018-05-31,842.586,6958.214,6476.632,2535.309,1977.932,775.857,3016.526,2320,0.12109228028916616,0.36436203313091553,2.5493512335391704,8.84767811120329,0.21663882408567026
003062,0000723254,2018,2019-05-31,884.981,7436.662,6892.303,2537.507,2236.28,1127.733,3002.721,7200,0.11900245029288678,0.34121585732953846,1.9829871077639833,8.914177371236981,0.06418011707319482
003062,0000723254,2019,2020-05-31,876.037,7669.885,7085.12,2662.4,2309.699,885.195,3235.202,7200,0.11421774902752779,0.3471238486626592,2.609254458057264,8.945056900767803,0.027975699849527746
003062,0000723254,2020,2021-05-31,1110.968,8236.823,7116.34,1773.607,2843.309,1934.085,3687.847,7200,0.13487821700187075,0.21532658890448417,1.4701055020849654,9.016369990304396,0.0044064179576353
003062,0000723254,2021,2022-05-31,1235.757,8147.256,7854.459,2612.996,2631.983,1432.89,3308.196,7200,0.15167769369220754,0.3207209887598966,1.8368353467467844,9.00543646242651,0.1037217165003359
003062,0000723254,2022,2023-05-31,1348.01,8546.356,8815.769,2624.683,2938.459,1230.062,3863.986,7200,0.15772921230990145,0.3071113583379864,2.3888706422928276,9.053260272251862,0.12239035177343216
003062,0000723254,2023,2024-05-31,1571.592,9168.817,9596.615,2172.758,3185.207,1828.519,4316.372,7200,0.17140619122401507,0.23697255600149944,1.7419600233850454,9.123563549294722,0.08857378182209619
003062,0000723254,2024,2025-05-31,1812.281,9825.241,10340.181,2603.737,3436.169,1644.502,4684.481,7200,0.18445155696435334,0.2650048991164695,2.089489097611313,9.192709965698711,0.07748211218226442
010903,0000731766,2014,2014-12-31,5619.0,86382.0,130474.0,16007.0,23556.0,30623.0,32454.0,6324,0.06504827394596097,0.18530480887221876,0.7692257453547987,11.36653459975441,
010903,0000731766,2015,2015-12-31,5813.0,111383.0,157107.0,25460.0,31639.0,42898.0,33830.0,6324,0.05218929280051714,0.22858066311735184,0.7375402116648795,11.620729991598665,0.2041249597620982
010903,0000731766,2016,2016-12-31,7017.0,122810.0,184840.0,25777.0,33879.0,49252.0,38274.0,6324,0.05713704095757675,0.2098933311619575,0.6878705433281898,11.71839372460443,0.1765230066133272
010903,0000731766,2017,2017-12-31,10558.0,139058.0,201159.0,28835.0,37084.0,50463.0,47776.0,6324,0.07592515353305815,0.2073595190496052,0.7348750569724353,11.842646391268554,0.08828716727980956
010903,0000731766,2018,2018-12-31,11986.0,152221.0,226247.0,34581.0,38692.0,53209.0,51696.0,6324,0.07874077821062797,0.2271762765978413,0.727170215565036,11.933088691238774,0.1247172634582594
010903,0000731766,2019,2019-12-31,13839.0,173889.0,242155.0,36808.0,42634.0,61782.0,57616.0,6324,0.07958525266118041,0.21167526410526255,0.6900715418730374,12.066172443597603,0.07031253453084463
010903,0000731766,2020,2020-12-31,15403.0,197289.0,257141.0,38648.0,53718.0,72420.0,65491.0,6324,0.07807328335588908,0.19589536162685198,0.7417564208782105,12.192424937795547,0.06188598211889085
010903,0000731766,2021,2021-12-31,17285.0,212206.0,287597.0,42383.0,61758.0,78292.0,71760.0,6324,0.08145387029584461,0.19972573819778894,0.7888162264343739,12.265312779974348,0.11844085540617799
010903,0000731766,2022,2022-12-31,20120.0,245705.0,324162.0,54513.0,69069.0,89237.0,77772.0,6324,0.08188681549012027,0.22186361693901224,0.7739950917220435,12.411886908322561,0.12713971286209524
010903,0000731766,2023,2023-12-31,22381.0,273720.0,371622.0,58263.0,78437.0,99054.0,88756.0,6324,0.08176603828730089,0.21285620341955283,0.7918610051083248,12.519860965066433,0.14640827734281014
010903,0000731766,2024,2024-12-31,14405.0,298278.0,400278.0,72359.0,85779.0,103769.0,92658.0,6324,0.04829387350055988,0.2425891282628957,0.8266341585637329,12.605781216525958,0.07711061239646733
001300,0000773840,2014,2014-12-31,4239.0,45451.0,40306.0,6046.0,22191.0,14773.0,17657.0,3822,0.09326527469142593,0.13302237574530815,1.502132268327354,10.7243901015638,
001300,0000773840,2015,2015-12-31,4768.0,49316.0,38581.0,5554.0,20053.0,18371.0,18283.0,3822,0.09668261821721146,0.11262065049882392,1.0915573458167764,10.806003850988443,-0.042797598372450785
001300,0000773840,2016,2016-12-31,4809.0,54146.0,39302.0,12182.0,23058.0,16331.0,19369.0,9997,0.0888154249621394,0.22498430170280354,1.4119159879982854,10.899439380817963,0.018687955211114327
001300,0000773840,2017,2017-12-31,1655.0,59387.0,40534.0,12573.0,26002.0,18861.0,17276.0,9997,0.02786805193055719,0.21171300116187045,1.378611950585865,10.991830626179583,0.0313470052414635
001300,0000773840,2018,2018-12-31,6765.0,57773.0,41802.0,9756.0,24362.0,18924.0,18180.0,9997,0.1170962214183096,0.16886781022276842,1.2873599661805115,10.9642768174945,0.03128238022400942
001300,0000773840,2019,2019-12-31,6143.0,58679.0,36709.0,11644.0,24303.0,18098.0,18494.0,9997,0.1046882189539699,0.19843555616148878,1.342855564150735,10.97983719053025,-0.12183627577627865
001300,0000773840,2020,2020-12-31,4779.0,64586.0,32637.0,16983.0,28175.0,19197.0,17549.0,9997,0.07399436410367571,0.26295172328368377,1.4676772412356098,11.075752948017643,-0.11092647579612624
001300,0000773840,2021,2021-12-31,5542.0,64470.0,34392.0,15101.0,25372.0,19508.0,18569.0,9997,0.08596246316116023,0.23423297657825345,1.3005946278449867,11.073955278304666,0.05377332475411345
001300,0000773840,2022,2022-12-31,4966.0,62275.0,35466.0,15898.0,24982.0,19938.0,16697.0,9997,0.07974307507025291,0.25528703331995184,1.2529842511786538,11.039315340130381,0.03122819260293097
001300,0000773840,2023,2023-12-31,5658.0,61525.0,36662.0,17459.0,23502.0,18539.0,15856.0,9997,0.09196261682242991,0.28377082486793986,1.2677059172555154,11.027198875259257,0.033722438391699194
001300,0000773840,2024,2024-12-31,5705.0,75196.0,38498.0,26406.0,27908.0,21256.0,18619.0,9997,0.07586839725517315,0.3511622958668014,1.3129469326307865,11.227853317033851,0.05007910097648782
012141,0000789019,2014,2014-06-30,22074.0,172384.0,86451.0,20645.0,114246.0,45625.0,89784.0,7372,0.12805132726935214,0.11976169482086504,2.504021917808219,12.05747982548026,
012141,0000789019,2015,2015-06-30,12193.0,176223.0,93580.0,27808.0,124712.0,49858.0,80083.0,7372,0.06919074127667785,0.1578000601510586,2.501343816438686,12.079505517450139,0.08246289805785945
012141,0000789019,2016,2016-06-30,16798.0,193694.0,85320.0,41544.0,139660.0,59357.0,71997.0,7372,0.0867244209939389,0.2144826375623406,2.3528817157201343,12.174034873179655,-0.08826672365890142
012141,0000789019,2017,2017-06-30,21204.0,241086.0,89950.0,78473.0,159851.0,64527.0,72394.0,7372,0.0879520171225206,0.3254979550865666,2.4772730794861064,12.392908995291261,0.054266291608063844
012141,0000789019,2018,2018-06-30,16571.0,258848.0,110360.0,81935.0,169662.0,58488.0,82718.0,7372,0.06401826554580294,0.3165371183088144,2.900800164136233,12.46399629581768,0.22690383546414683
012141,0000789019,2019,2019-06-30,39240.0,286556.0,125843.0,79107.0,175552.0,69420.0,102330.0,7372,0.13693658482111698,0.27606122363517077,2.5288389513108616,12.565689258514816,0.14029539688292858
012141,0000789019,2020,2020-06-30,44281.0,301311.0,143015.0,76205.0,181915.0,72310.0,118304.0,7372,0.14696111326835065,0.2529114436578817,2.5157654542940118,12.6158982329153,0.1364557424727637
012141,0000789019,2021,2021-06-30,61271.0,333779.0,168088.0,71453.0,184406.0,88657.0,141988.0,7372,0.18356757015869782,0.21407278468687366,2.0799936835218875,12.718234376307526,0.17531727441177503
012141,0000789019,2022,2022-06-30,72738.0,364840.0,198270.0,72363.0,169684.0,95082.0,166542.0,7372,0.19936958666812848,0.19834173884442496,1.7846069708251824,12.807214180294094,0.17956070629670173
012141,0000789019,2023,2023-06-30,72361.0,411976.0,211915.0,70588.0,184257.0,104149.0,206223.0,7372,0.175643726819038,0.17134007806279977,1.76916725076573,12.92872037420774,0.06882029555656421
012141,0000789019,2024,2024-06-30,88136.0,512163.0,245122.0,82981.0,159734.0,125286.0,268477.0,7372,0.17208583985957596,0.1620206848210433,1.2749549031815206,13.146398212731052,0.1566996201307127
024800,0000804328,2014,2014-09-30,7967.0,48574.0,26487.0,,22413.0,6013.0,39169.0,3674,0.16401778729361385,,3.7274239148511557,10.790843687312167,
024800,0000804328,2015,2015-09-30,5271.0,50796.0,25281.0,9969.0,22099.0,6100.0,31421.0,3674,0.10376801322938814,0.19625561067800615,3.6227868852459015,10.835572890308924,-0.04553177030241251
024800,0000804328,2016,2016-09-30,5705.0,52359.0,23554.0,10008.0,22981.0,7311.0,31778.0,3674,0.10895930021581772,0.191141924024523,3.143345643550814,10.865879121292947,-0.06831217119575961
024800,0000804328,2017,2017-09-30,2466.0,65486.0,23231.0,19398.0,43593.0,10907.0,30746.0,3674,0.03765690376569038,0.29621598509605107,3.996791051618227,11.08959165831958,-0.013713169737624153
024800,0000804328,2018,2018-09-30,-4864.0,32686.0,22732.0,15365.0,17384.0,11236.0,928.0,3674,-0.14880988802545433,0.47007893287646085,1.5471698113207548,10.394702130653004,-0.021479919073651543
024800,0000804328,2019,2019-09-30,4386.0,32957.0,19550.0,13437.0,16765.0,8935.0,4909.0,3674,0.13308250144127196,0.40771308068088724,1.8763290430889759,10.402958960463414,-0.13997888439204642
024800,0000804328,2020,2020-09-30,5198.0,35594.0,21731.0,15597.0,18519.0,8672.0,6077.0,3674,0.14603584873855144,0.438191830083722,2.1354935424354244,10.479932363309931,0.11156010230179025
024800,0000804328,2021,2021-09-30,9043.0,41240.0,33566.0,14129.0,20075.0,11951.0,9950.0,3674,0.21927740058195927,0.3426042677012609,1.6797757509831812,10.627163938130897,0.5446136855183838
024800,0000804328,2022,2022-09-30,12936.0,49014.0,44200.0,14110.0,20724.0,11866.0,18013.0,3674,0.2639245929734362,0.28787693312114904,1.7465026125063206,10.799861250569924,0.31680867544539115
024800,0000804328,2023,2023-09-30,7232.0,51040.0,35820.0,15055.0,22464.0,9628.0,21581.0,3674,0.14169278996865203,0.2949647335423197,2.333194848358953,10.840364918018672,-0.18959276018099547
024800,0000804328,2024,2024-09-30,10142.0,55154.0,38962.0,13978.0,25231.0,10504.0,26274.0,3674,0.1838851216593538,0.2534358342096675,2.402037319116527,10.91788455151661,0.08771635957565604
025434,0000829224,2014,2014-09-30,2068.1,10752.9,16447.8,2048.3,4168.7,3038.7,5272.0,5812,0.19232951110863117,0.19048814738349656,1.3718695494783955,9.282930764616976,
025434,0000829224,2015,2015-09-30,2757.4,12446.1,19162.7,2347.5,4352.7,3653.5,5818.0,5812,0.22154731200938446,0.18861330055198014,1.1913781305597373,9.429162599806832,0.16506158878391042
025434,0000829224,2016,2016-09-30,2817.7,14329.5,21315.9,3202.2,4760.5,4546.9,5884.0,5812,0.1966363097107366,0.22346906730869884,1.0469770612945084,9.570075628378174,0.11236412405349983
025434,0000829224,2017,2017-09-30,2884.7,14365.6,22386.8,3932.6,5283.4,4220.7,5450.1,5812,0.20080609233168123,0.2737511833825249,1.251782879617125,9.572591738727688,0.05023949258534688
025434,0000829224,2018,2018-09-30,4518.3,24156.4,24719.5,9090.2,12494.2,5684.2,1169.5,5812,0.18704359921180308,0.37630607209683564,2.1980577741810636,10.092304634323645,0.10419979630853904
025434,0000829224,2019,2019-09-30,3599.2,19219.6,26508.6,11167.0,5653.9,6168.7,-6232.2,5812,0.187267164769298,0.5810214572623781,0.9165464360400084,9.86368587065319,0.0723760593863143
025434,0000829224,2020,2020-09-30,928.3,29374.5,23518.0,22321.3,7806.4,7346.8,-7805.1,5812,0.03160224003812831,0.759886976799605,1.0625578483149125,10.287882230025001,-0.11281621813298326
025434,0000829224,2021,2021-09-30,4199.3,31392.6,29060.6,21354.9,9756.4,8151.4,-5321.2,5812,0.13376719354242722,0.6802526710116398,1.1968986922491842,10.354327475332283,0.2356748022791053
025434,0000829224,2022,2022-09-30,3281.6,27978.4,32250.3,20635.1,7018.7,9151.8,-8706.6,5812,0.11729048122837617,0.7375368141137448,0.7669201687099806,10.239188062881777,0.10976029400631782
025434,0000829224,2023,2023-09-30,4124.5,29445.5,35975.6,21472.4,7303.4,9345.3,-7994.8,5812,0.14007233702942726,0.7292251787200082,0.7815051416219918,10.290296376046182,0.11551210376337573
025434,0000829224,2024,2024-09-30,3760.9,31339.3,36176.2,23091.1,6847.4,9070.0,-7448.9,5812,0.1200058712223949,0.7368096926223623,0.7549503858875413,10.352628179987306,0.005576001512135997
020779,0000858877,2014,2014-07-31,7853.0,105134.0,47142.0,20401.0,67114.0,19809.0,56654.0,3576,0.07469515095021592,0.19404759640078376,3.3880559341713363,11.56299100597695,
020779,0000858877,2015,2015-07-31,8981.0,113481.0,49161.0,21457.0,76283.0,23623.0,59698.0,3576,0.07914100157735657,0.18908011032683886,3.229183422935275,11.639390701009447,0.04282805141911661
020779,0000858877,2016,2016-07-31,10739.0,121652.0,49247.0,24483.0,78719.0,24911.0,63586.0,3576,0.08827639496268043,0.20125439779041857,3.1600096342981012,11.708919788684826,0.001749354162852601
020779,0000858877,2017,2017-07-31,9609.0,129818.0,48005.0,25725.0,83703.0,27583.0,66137.0,3576,0.07401901123110817,0.19816204224375664,3.0345865206830296,11.773888748522092,-0.025219810343777294
020779,0000858877,2018,2018-07-31,110.0,108784.0,49330.0,20331.0,61837.0,27035.0,43204.0,3576,0.0010111781144285924,0.18689329313134284,2.287294248196782,11.59711954376624,0.027601291532131977
020779,0000858877,2019,2019-07-31,11621.0,97793.0,51904.0,14475.0,47755.0,31712.0,33571.0,3576,0.11883263628276053,0.1480167292137474,1.5058968213925328,11.490608278819195,0.05217920129738496
020779,0000858877,2020,2020-07-31,11214.0,94853.0,49301.0,12239.0,43573.0,25331.0,37920.0,3576,0.11822504296121367,0.12903123781008508,1.7201452765386285,11.460083603750695,-0.05015027743526512
020779,0000858877,2021,2021-07-31,10591.0,97497.0,49818.0,9849.0,39112.0,26257.0,41275.0,3576,0.1086289834559012,0.1010184928767039,1.4895837300529382,11.487576887281786,0.010486602705827464
020779,0000858877,2022,2022-07-31,11812.0,94002.0,51557.0,9140.0,36717.0,25640.0,39773.0,3576,0.12565690091700177,0.09723197378779175,1.4320202808112326,11.451071337621542,0.03490706170460478
020779,0000858877,2023,2023-07-31,12613.0,101852.0,56998.0,7365.0,43348.0,31309.0,44353.0,3576,0.12383654714684052,0.07231080391155795,1.3845220224216679,11.531276058182822,0.10553368116841555
020779,0000858877,2024,2024-07-31,10320.0,124413.0,53803.0,20527.0,36862.0,40584.0,45457.0,3576,0.08294953099756457,0.1649907967816868,0.9082889808791642,11.73136195543502,-0.0560545984069617
023809,0000866787,2014,2014-08-31,1069.744,7517.858,9475.313,4245.988,3580.612,4541.094,-1621.857,5531,0.14229372249382735,0.5647869379815368,0.788491055239112,8.925036535943615,
023809,0000866787,2015,2015-08-31,1160.241,8102.349,10187.34,4712.515,3970.294,4712.873,-1701.39,5531,0.14319810217999743,0.5816233045503224,0.8424360257532932,8.999909298618658,0.0751454859591445
023809,0000866787,2016,2016-08-31,1241.007,8599.787,10635.676,5026.57,4239.573,4690.32,-1787.538,5531,0.14430671364302394,0.5844993602748533,0.9038984546896588,9.05949271449302,0.04400913290417319
023809,0000866787,2017,2017-08-31,1280.869,9259.781,10888.676,5183.56,4611.255,4766.301,-1428.377,5531,0.13832605760330616,0.5597929367875979,0.967470371678163,9.133435677252566,0.02378786266148003
023809,0000866787,2018,2018-08-31,1337.536,9346.98,11221.077,5107.943,4635.869,5028.681,-1520.355,5531,0.14309819856253037,0.5464805744743222,0.9218856793660206,9.142808575456318,0.03052721928726676
023809,0000866787,2019,2019-08-31,1617.221,9895.913,11863.743,5330.003,5028.685,5512.141,-1713.851,5531,0.16342312225259054,0.5386064934079351,0.9122925193677014,9.199877122602798,0.05727311201946139
023809,0000866787,2020,2020-08-31,1732.972,14423.872,12631.967,8170.786,6811.872,6283.091,-877.977,5531,0.12014610223939869,0.5664766021218158,1.0841593731492987,9.576639890745053,0.06475393136887742
023809,0000866787,2021,2021-08-31,2170.314,14516.199,14629.585,8088.784,6415.303,7369.754,-1797.536,5531,0.14950979936276707,0.5572246563993783,0.8704907925013508,9.58302047724974,0.1581399001438175
023809,0000866787,2022,2022-08-31,2429.604,15275.043,16252.23,9177.493,6627.984,8588.393,-3538.913,5531,0.15905709725334324,0.6008161810084593,0.7717373902195673,9.633975599093118,0.11091531304544877
023809,0000866787,2023,2023-08-31,2528.426,15985.878,17457.209,10786.297,6779.426,8511.856,-4349.894,5531,0.15816622646563422,0.6747391041017579,0.7964685962732453,9.679460986479125,0.07414237923041944
023809,0000866787,2024,2024-08-31,2662.427,17176.538,18490.268,12268.437,7306.759,8714.243,-4749.614,5531,0.1550037033073836,0.7142555152848612,0.8384846509329611,9.751299661844035,0.059176641581137224
114628,0000886982,2014,2014-12-31,8477.0,856240.0,39796.0,174820.0,,,73597.0,6211,0.009900261608894702,0.20417172755302251,,13.660305989658257,
114628,0000886982,2015,2015-12-31,6083.0,861395.0,39174.0,185942.0,,,75528.0,6211,0.007061800915956095,0.21586148050545917,,13.666308447081006,-0.015629711528796886
114628,0000886982,2016,2016-12-31,7398.0,860165.0,37894.0,197491.0,,,75690.0,6211,0.008600675451802852,0.22959664715490632,,13.664879510291941,-0.03267473324143566
114628,0000886982,2017,2017-12-31,4286.0,916776.0,42911.0,227579.0,,,70390.0,6211,0.004675078754243131,0.2482383919299807,,13.728618446589492,0.13239562991502618
114628,0000886982,2018,2018-12-31,10459.0,931796.0,52368.0,236027.0,,,78982.0,6211,0.011224559882205977,0.2533032981468047,,13.744869185588932,0.22038638111439957
114628,0000886982,2019,2019-12-31,8466.0,992968.0,53922.0,221414.0,,,79062.0,6211,0.008525954512129293,0.22298200949073888,,13.808453716929002,0.029674610449129224
114628,0000886982,2020,2020-12-31,9459.0,1163028.0,53498.0,228301.0,,,84729.0,6211,0.008133080200992581,0.19629879934103048,,13.966537506877367,-0.007863209821594164
114628,0000886982,2021,2021-12-31,21635.0,1463988.0,64989.0,265754.0,,,99223.0,6211,0.014778126596666092,0.18152744421402361,,14.19667477674849,0.214793076376687
114628,0000886982,2022,2022-12-31,11261.0,1441799.0,68711.0,256399.0,,,106486.0,6211,0.007810381336094698,0.17783269373886373,,14.181402197374902,0.057271230515933524
114628,0000886982,2023,2023-12-31,8516.0,1641594.0,108418.0,250099.0,,,105702.0,6211,0.0051876407930340875,0.15235131220021517,,14.311178278981147,0.5778841815720919
114628,0000886982,2024,2024-12-31,14276.0,1675972.0,126853.0,251931.0,,,108743.0,6211,0.008518042067528575,0.1503193370772304,,14.331903853440696,0.17003634082901353
028349,0000899051,2014,2014-12-31,2850.0,108533.0,34826.0,5199.0,,,22304.0,6331,0.026259294408152358,0.04790248127297688,,11.594809553184625,
028349,0000899051,2015,2015-12-31,2171.0,104656.0,35326.0,5124.0,,,20025.0,6331,0.020744152270295062,0.04896040360801101,,11.558434060200995,0.014357089530810274
028349,0000899051,2016,2016-12-31,1877.0,108610.0,36128.0,6347.0,,,20573.0,6331,0.01728201823036553,0.058438449498204585,,11.595518763274082,0.022702825114646386
028349,0000899051,2017,2017-12-31,3189.0,112422.0,37834.0,6174.0,,,20805.0,6331,0.02836633399156749,0.05491807653306292,,11.630014926826567,0.04722099202834373
028349,0000899051,2018,2018-12-31,2252.0,112249.0,39364.0,6134.0,,,19382.0,6331,0.02006253953264617,0.05464636656005844,,11.62847489687885,0.04043981603848401
028349,0000899051,2019,2019-12-31,4847.0,119950.0,44675.0,7217.0,,,23750.0,6331,0.04040850354314297,0.06016673614005836,,11.694830268267841,0.13492023168377187
028349,0000899051,2020,2020-12-31,5576.0,125987.0,44791.0,8086.0,,,28247.0,6331,0.0442585346107138,0.06418122504702867,,11.743934006007574,0.002596530498041316
028349,0000899051,2021,2021-12-31,1599.0,99440.0,50588.0,8441.0,,,23209.0,6331,0.016080048270313757,0.08488535800482704,,11.507309726184593,0.12942332164943848
028349,0000899051,2022,2022-12-31,-1311.0,97957.0,51329.0,7557.0,,,15505.0,6331,-0.013383423338811928,0.07714609471502802,,11.492283885852363,0.014647742547639675
028349,0000899051,2023,2023-12-31,-188.0,103362.0,57094.0,7857.0,,,15769.0,6331,-0.001818850254445541,0.07601439600626923,,11.545992668674424,0.11231467591420063
028349,0000899051,2024,2024-12-31,4667.0,111617.0,64106.0,7720.0,,,19441.0,6331,0.04181262710877375,0.06916509133913293,,11.622828647077453,0.12281500683084046
006774,0000936468,2014,2014-12-31,3614.0,37073.0,45600.0,6169.0,12329.0,11112.0,3400.0,3760,0.09748334367329323,0.1664014242170852,1.1095212383009359,10.520644220844389,
006774,0000936468,2015,2015-12-31,3605.0,49128.0,46132.0,14305.0,16198.0,14057.0,3097.0,3760,0.07337974271291321,0.29117814688161536,1.1523084584192929,10.802184416009235,0.011666666666666714
006774,0000936468,2016,2016-12-31,5302.0,47806.0,47248.0,14282.0,15108.0,12542.0,1511.0,3760,0.11090658076392085,0.29874911099025225,1.2045925689682666,10.774906433614746,0.024191450619960086
006774,0000936468,2017,2017-12-31,2002.0,46521.0,51048.0,13513.0,17461.0,12637.0,-683.0,3760,0.04303432858279057,0.29047097009952494,1.3817361715597056,10.747659102532259,0.08042668472739578
006774,0000936468,2018,2018-12-31,5046.0,44876.0,53762.0,12604.0,16103.0,14398.0,1394.0,3760,0.11244317675372137,0.2808628219983956,1.1184192248923461,10.711658409664855,0.05316564801755219
006774,0000936468,2019,2019-12-31,6230.0,47528.0,59812.0,12259.0,17095.0,13972.0,3127.0,3760,0.13108062615721258,0.25793216630196936,1.2235184655024334,10.769074290035578,0.11253301588482567
006774,0000936468,2020,2020-12-31,6833.0,50710.0,65398.0,12510.0,19378.0,13933.0,6015.0,3760,0.13474659830408203,0.24669690396371524,1.390798822938348,10.833878408789065,0.09339263024142319
006774,0000936468,2021,2021-12-31,6315.0,50873.0,67044.0,12770.0,19815.0,13997.0,10959.0,3760,0.12413264403514634,0.25101723900693884,1.4156604986782881,10.837087609932846,0.02516896541178637
006774,0000936468,2022,2022-12-31,5732.0,52880.0,65984.0,16345.0,20991.0,15887.0,9266.0,3760,0.1083963691376702,0.3090960665658094,1.3212689620444389,10.875780474525568,-0.015810512499254248
006774,0000936468,2023,2023-12-31,6920.0,52456.0,67571.0,18153.0,20521.0,16937.0,6835.0,3760,0.1319200854049108,0.3460614610340095,1.2116077227372026,10.867730001943455,0.024051285160038738
006774,0000936468,2024,2024-12-31,5336.0,55617.0,71043.0,20460.0,21849.0,19420.0,6333.0,3760,0.09594188827157164,0.3678731323156589,1.1250772399588054,10.926244188900702,0.05138298974412092
064768,0001018724,2014,2014-12-31,-241.0,54505.0,88988.0,12489.0,31327.0,28089.0,10741.0,5961,-0.004421612696082928,0.22913494174846344,1.1152764427355903,10.906047719562459,
064768,0001018724,2015,2015-12-31,596.0,65444.0,107006.0,14183.0,36474.0,33899.0,13384.0,5961,0.009107022798117474,0.21671963816392642,1.0759609428006727,11.088950094102968,0.20247673843664304
064768,0001018724,2016,2016-12-31,2371.0,83402.0,135987.0,15213.0,45781.0,43816.0,19285.0,5961,0.02842857485432004,0.18240569770509102,1.044846631367537,11.33142756887465,0.2708352802646581
064768,0001018724,2017,2017-12-31,3033.0,131310.0,177866.0,37926.0,60197.0,57883.0,27709.0,5961,0.023098012337217273,0.2888279643591501,1.039977195376881,11.785316218853051,0.3079632611940848
064768,0001018724,2018,2018-12-31,10073.0,162648.0,232887.0,39787.0,75101.0,68391.0,43549.0,5961,0.06193128719689145,0.24462028429491908,1.098112324721089,11.999343635484058,0.3093396152159491
064768,0001018724,2019,2019-12-31,11588.0,225248.0,280522.0,63205.0,96334.0,87812.0,62060.0,5961,0.051445517829237106,0.2806018255434011,1.0970482394205803,12.324957296407858,0.20454125820676983
064768,0001018724,2020,2020-12-31,21331.0,321195.0,386064.0,87789.0,132733.0,126385.0,93404.0,5961,0.06641137004000686,0.2733199458273012,1.0502274795268425,12.679803694308427,0.37623430604373276
064768,0001018724,2021,2021-12-31,33364.0,420549.0,469822.0,122595.0,161580.0,142266.0,138245.0,5961,0.07933439385184604,0.2915118095632138,1.1357597739445826,12.949316279549212,0.21695366571345676
064768,0001018724,2022,2022-12-31,-2722.0,462675.0,513983.0,146818.0,146791.0,155393.0,146043.0,5961,-0.0058831793375479545,0.3173242556870373,0.9446435811136924,13.04478014274595,0.09399517263985091
064768,0001018724,2023,2023-12-31,30425.0,527854.0,574785.0,142211.0,172351.0,164917.0,201875.0,5961,0.057639044129626754,0.2694135120696253,1.0450772206625152,13.176575009299519,0.1182957412988368
064768,0001018724,2024,2024-12-31,59248.0,624894.0,637959.0,138000.0,190867.0,179431.0,285970.0,5961,0.09481288026449286,0.22083745403220387,1.063734806137178,13.345337314334833,0.1099089224666614
004598,0001048911,2014,2015-05-31,1050.0,37069.0,47453.0,7249.0,10941.0,5957.0,14993.0,4513,0.028325555045995307,0.1955542366937333,1.836662749706228,10.520536319789551,
004598,0001048911,2015,2016-05-31,1820.0,46064.0,50365.0,13838.0,11989.0,8008.0,13784.0,4513,0.039510246613407435,0.3004081278221605,1.497127872127872,10.737787012851957,0.061365983183360395
004598,0001048911,2016,2017-05-31,2997.0,48552.0,60319.0,14909.0,12628.0,7918.0,16073.0,4513,0.06172763222936233,0.3070728291316527,1.5948471836322304,10.790390667515691,0.19763724808895056
004598,0001048911,2017,2018-05-31,4572.0,52330.0,65450.0,15243.0,13341.0,9627.0,19416.0,4513,0.087368622205236,0.29128606917638067,1.3857899657214086,10.865325099366254,0.0850644075664384
004598,0001048911,2018,2019-05-31,540.0,54403.0,69693.0,16617.0,13086.0,9013.0,17757.0,4513,0.009925923202764553,0.30544271455618255,1.451902807056474,10.904174578382314,0.06482811306340719
004598,0001048911,2019,2020-05-31,1286.0,73537.0,69217.0,34147.0,16383.0,10344.0,18295.0,4513,0.017487795259529218,0.4643512789480126,1.583816705336427,11.205543959897515,-0.006829954227827728
004598,0001048911,2020,2021-05-31,5231.0,82777.0,83959.0,34108.0,20580.0,13660.0,24168.0,4513,0.06319388235862619,0.41204682460103653,1.506588579795022,11.32390552400818,0.21298235982489855
004598,0001048911,2021,2022-05-31,3826.0,85994.0,93512.0,34669.0,20365.0,14274.0,24939.0,4513,0.044491476149498804,0.40315603414191686,1.4267199103264676,11.362032805359924,0.11378172679522147
004598,0001048911,2022,2023-05-31,3972.0,87143.0,90155.0,35816.0,18610.0,13586.0,26088.0,4513,0.045580253147125986,0.41100260491376245,1.3697924333873104,11.3753057264371,-0.03589913593977245
004598,0001048911,2023,2024-05-31,4331.0,87007.0,87693.0,35188.0,18207.0,13355.0,27582.0,4513,0.049777604100819474,0.4044272299929891,1.3633096218644702,11.373743854170122,-0.02730852420830787
004598,0001048911,2024,2025-05-31,4092.0,87627.0,87926.0,33423.0,18386.0,15411.0,28074.0,4513,0.046697935567804445,0.38142353384230887,1.193043929660632,11.380844448612793,0.0026569965675709017
010920,0001090727,2014,2014-12-31,3032.0,35471.0,58232.0,9864.0,11808.0,8639.0,2141.0,4210,0.08547827802993994,0.27808632403935607,1.3668248639888876,10.476470740209276,
010920,0001090727,2015,2015-12-31,4844.0,38311.0,58363.0,11316.0,13208.0,10696.0,2470.0,4210,0.12643888178329984,0.2953720863459581,1.2348541510845177,10.55349234019923,0.0022496222008516753
010920,0001090727,2016,2016-12-31,3431.0,40377.0,60906.0,12394.0,13849.0,11730.0,405.0,4210,0.08497411892909329,0.3069569309260222,1.1806479113384485,10.606015594901825,0.04357212617583062
010920,0001090727,2017,2017-12-31,4910.0,45403.0,65872.0,20278.0,15548.0,12708.0,1000.0,4210,0.10814263374666873,0.44662246988084486,1.223481271639912,10.723333461141452,0.08153548090500107
010920,0001090727,2018,2018-12-31,4791.0,50016.0,71861.0,19931.0,16210.0,14087.0,3021.0,4210,0.09578934740882918,0.3984924824056302,1.1507063249804785,10.820098233221204,0.09091875151809581
010920,0001090727,2019,2019-12-31,4440.0,57857.0,74094.0,24209.0,17103.0,15413.0,3267.0,4210,0.07674093022451907,0.4184281936498609,1.1096476999935119,10.965729727894512,0.03107387873811951
010920,0001090727,2020,2020-12-31,1343.0,62408.0,84628.0,24571.0,20216.0,17016.0,657.0,4210,0.02151967696449173,0.39371554928855274,1.1880582980724024,11.041448751268149,0.1421707560666181
010920,0001090727,2021,2021-12-31,12890.0,69405.0,97287.0,22817.0,24934.0,17569.0,14253.0,4210,0.18572148980620992,0.3287515308695339,1.4192042802663782,11.147714190009209,0.14958406201257257
010920,0001090727,2022,2022-12-31,11548.0,71124.0,100338.0,20559.0,22217.0,18140.0,19786.0,4210,0.16236432146673416,0.289058545638603,1.2247519294377067,11.17218011157584,0.031360819020012975
010920,0001090727,2023,2023-12-31,6708.0,70857.0,90958.0,22672.0,19413.0,17676.0,17306.0,4210,0.09466954570472924,0.31996838703303837,1.0982688391038697,11.168419040520687,-0.09348402399888378
010920,0001090727,2024,2024-12-31,5782.0,70070.0,91070.0,23081.0,19310.0,16441.0,16718.0,4210,0.08251748251748252,0.3293991722563151,1.174502767471565,11.157250021364579,0.0012313375404031657
133768,0001099219,2014,2014-12-31,6309.0,902337.0,74132.0,22475.0,,,72052.0,6311,0.006991844510421273,0.024907545628739595,,13.712743343459046,
133768,0001099219,2015,2015-12-31,5310.0,877933.0,69905.0,24056.0,,,67949.0,6311,0.006048297535233327,0.02740072420104951,,13.685325559910524,-0.05701991043004373
133768,0001099219,2016,2016-12-31,800.0,898764.0,63110.0,22742.0,,,67309.0,6311,0.0008901113084191178,0.02530363922008447,,13.708775765086612,-0.09720334740004288
133768,0001099219,2017,2017-12-31,4010.0,719892.0,62412.0,18851.0,,,58676.0,6311,0.00557027998644241,0.02618587232529324,,13.486856479741112,-0.011060053874187958
133768,0001099219,2018,2018-12-31,5123.0,687538.0,67957.0,17034.0,,,52741.0,6311,0.007451224514135946,0.024775357871128577,,13.440872379722656,0.0888450938922003
133768,0001099219,2019,2019-12-31,5899.0,740463.0,69744.0,19230.0,,,66144.0,6311,0.007966637090577112,0.025970237540565835,,13.515030945202609,0.026296040143031663
133768,0001099219,2020,2020-12-31,5407.0,795146.0,67077.0,19994.0,,,74558.0,6311,0.006800009054940854,0.025145067698259187,,13.586281024574019,-0.03823984858912599
133768,0001099219,2021,2021-12-31,6554.0,759708.0,64590.0,19041.0,,,67482.0,6311,0.00862699879427359,0.025063577058554075,,13.540689427908422,-0.037076792343127996
133768,0001099219,2022,2022-12-31,2539.0,666611.0,69716.0,18568.0,,,27040.0,6311,0.0038088180363060314,0.027854325836207325,,13.40996194636979,0.07936213036073703
133768,0001099219,2023,2023-12-31,1578.0,687584.0,66905.0,18777.0,,,30015.0,6311,0.0022949923209382417,0.02730866337785638,,13.440939282877455,-0.04032072981811918
133768,0001099219,2024,2024-12-31,4426.0,677457.0,70986.0,18505.0,,,27445.0,6311,0.006533255985250725,0.027315386806837923,,13.426101361087088,0.060996935953964604
012142,0001341439,2014,2015-05-31,9938.0,110903.0,38226.0,39959.0,63183.0,15291.0,48663.0,7372,0.08960983922887568,0.3603058528624113,4.1320384539925445,11.616411224370232,
012142,0001341439,2015,2016-05-31,8901.0,112180.0,37047.0,40105.0,64313.0,17208.0,47289.0,7372,0.07934569441968266,0.35750579425922624,3.7373895862389586,11.627860003062327,-0.03084288180819339
012142,0001341439,2016,2017-05-31,9335.0,134991.0,37728.0,48112.0,74515.0,24178.0,53860.0,7372,0.06915275833203695,0.3564089457815706,3.0819339895773017,11.812963388531578,0.018382055227143868
012142,0001341439,2017,2018-05-31,3825.0,137264.0,39831.0,56128.0,75964.0,19195.0,45726.0,7370,0.027866010024478378,0.40890546683762674,3.9574889294087003,11.829661357812746,0.05574109414758266
012142,0001341439,2018,2019-05-31,11083.0,108709.0,39506.0,51673.0,46386.0,18630.0,21785.0,7370,0.10195108040732598,0.47533322907946907,2.4898550724637682,11.596429866369977,-0.00815947377670656
012142,0001341439,2019,2020-05-31,10135.0,115438.0,39068.0,70749.0,52140.0,17200.0,12074.0,7370,0.08779604636254959,0.6128744434241757,3.031395348837209,11.656488868280348,-0.01108692350529028
012142,0001341439,2020,2021-05-31,13746.0,131107.0,40479.0,78113.0,55567.0,24164.0,5238.0,7370,0.10484566041477572,0.5957958003767915,2.299577884456216,11.783769062681817,0.03611651479471689
012142,0001341439,2021,2022-05-31,6717.0,109297.0,42440.0,75041.0,31633.0,19511.0,-6220.0,7370,0.0614563986202732,0.6865787716039782,1.6212905540464353,11.601824226395445,0.04844487265001596
012142,0001341439,2022,2023-05-31,8503.0,134384.0,49954.0,90404.0,21004.0,23090.0,1073.0,7370,0.06327390165495893,0.6727288962971782,0.9096578605456908,11.808456652365408,0.17704995287464653
012142,0001341439,2023,2024-05-31,10467.0,140976.0,52961.0,82564.0,22554.0,31544.0,8704.0,7372,0.07424668028600613,0.5856599704914311,0.7150012680699974,11.85634494210651,0.060195379749369504
012142,0001341439,2024,2025-05-31,12443.0,168361.0,57399.0,99533.0,24579.0,32643.0,20451.0,7372,0.07390666484518386,0.591187982965176,0.7529638819961401,12.03386576251999,0.08379751137629587
143357,0001467373,2014,2014-08-31,2941.498,17930.452,31874.678,26.403,11904.442,8158.079,5731.977,8742,0.1640504098836995,0.0014725228343379184,1.459221221074226,9.794255775428114,
143357,0001467373,2015,2015-08-31,3053.581,18266.058,32914.424,25.587,11579.394,8532.199,6133.667,8742,0.1671724134457473,0.0014007948513028918,1.35714063865599,9.812799862544951,0.03261981187700158
143357,0001467373,2016,2016-08-31,4111.892,20609.004,34797.661,24.457,11976.222,8878.924,7555.205,8742,0.1995192004426803,0.001186714311860971,1.3488370888184198,9.93348334666145,0.05721616152237696
143357,0001467373,2017,2017-08-31,3445.149,22689.89,36765.478,22.163,12097.289,9824.279,8949.42,8742,0.15183630242367857,0.0009767786445857604,1.2313665969787706,10.029674729811497,0.0565502664101476
143357,0001467373,2018,2018-08-31,4059.907,24449.083,41603.428,19.676,13585.559,10151.751,10364.696,8742,0.16605559398689923,0.0008047745594384869,1.3382478549759542,10.10434798908721,0.13158947641045216
143357,0001467373,2019,2019-08-31,4779.112,29789.88,43215.013,16.247,15450.601,11061.896,14408.951,8742,0.1604273666090632,0.0005453865540915237,1.3967407576422703,10.301924017501833,0.03873683197451894
143357,0001467373,2020,2020-08-31,5107.839,37078.593,44327.039,2721.636,17749.756,12662.59,17000.479,8742,0.13775708803190023,0.07340181435687163,1.4017476677362215,10.520795073976043,0.025732399987939303
143357,0001467373,2021,2021-08-31,5906.809,43175.843,50533.389,2750.39,19666.511,15708.867,19529.397,8742,0.1368081915621196,0.06370205672648939,1.2519369474577637,10.673036428012454,0.14001273579315798
143357,0001467373,2022,2022-08-31,6877.169,47263.39,61594.305,2608.983,21610.871,17523.496,22106.04,8742,0.14550731549302748,0.05520092824488468,1.2332511161014903,10.763491279018979,0.21888332088710682
143357,0001467373,2023,2023-08-31,6871.557,51245.305,64111.745,2353.807,23381.931,18009.038,25692.782,8742,0.1340914450601865,0.04593214929640871,1.2983442535908913,10.844379283048127,0.04087131107332076
143357,0001467373,2024,2024-08-31,7264.787,55932.363,64896.464,2448.118,20857.781,18976.127,28288.589,8742,0.12988521511240284,0.04376925752269755,1.099159011741437,10.931898436163282,0.012239863382286664
005073,0001467858,2014,2014-12-31,3949.0,177677.0,155929.0,31853.0,83670.0,65701.0,35457.0,3711,0.022225724207410074,0.17927475137468551,1.2734965982252933,12.087722574139411,
005073,0001467858,2015,2015-12-31,9687.0,194520.0,152356.0,43549.0,78007.0,71466.0,39871.0,3711,0.04979950647748303,0.22387929261772568,1.0915260403548541,12.178290264517722,-0.022914275086738156
005073,0001467858,2016,2016-12-31,9427.0,221690.0,166380.0,55600.0,76203.0,85181.0,43836.0,3711,0.04252334340746087,0.25080066759889935,0.8946009086533382,12.309035288588,0.09204757279004427
005073,0001467858,2017,2017-12-31,-3864.0,212482.0,145588.0,67254.0,68744.0,76890.0,35001.0,3711,-0.01818506979414727,0.31651622255061607,0.8940564442710366,12.26661255787651,-0.12496694314220458
005073,0001467858,2018,2018-12-31,8014.0,227339.0,147049.0,73060.0,75293.0,82237.0,38860.0,3711,0.03525132071487954,0.3213702884238956,0.9155611221226455,12.334197574533041,0.010035167733604355
005073,0001467858,2019,2019-12-31,6732.0,228037.0,137237.0,66934.0,74992.0,84905.0,41792.0,3711,0.02952152501567728,0.293522542394436,0.883245980802073,12.337263175472243,-0.06672605730062764
005073,0001467858,2020,2020-12-31,6427.0,235194.0,122485.0,73950.0,80924.0,79910.0,45030.0,3711,0.027326377373572457,0.3144212862573025,1.0126892754348642,12.368165984477136,-0.10749287728528023
005073,0001467858,2021,2021-12-31,10019.0,244718.0,127004.0,76671.0,82103.0,74408.0,59744.0,3711,0.04094100147925367,0.31330347583749457,1.1034162993226535,12.407861806185963,0.03689431358941908
005073,0001467858,2022,2022-12-31,9934.0,264037.0,156735.0,76889.0,100451.0,91174.0,67792.0,3711,0.03762351488617126,0.29120539924328787,1.1017504990457805,12.483844523823299,0.23409498913420057
005073,0001467858,2023,2023-12-31,10127.0,273064.0,171842.0,83679.0,101618.0,94445.0,64286.0,3711,0.03708654381390443,0.3064446430140919,1.0759489650060883,12.517461478926586,0.0963856190385044
005073,0001467858,2024,2024-12-31,6008.0,279761.0,187442.0,91262.0,108545.0,96265.0,63072.0,3711,0.02147547370791497,0.32621416137345804,1.127564535397081,12.54169094622329,0.09078106632837146
007228,0001613103,2014,2015-04-30,2675.0,106685.0,20261.0,33752.0,30844.0,9173.0,53230.0,3845,0.0250738154379716,0.3163706237990345,3.3624768341872886,11.577635846338984,
007228,0001613103,2015,2016-04-30,3538.0,99782.0,28833.0,30247.0,23600.0,7165.0,52063.0,3845,0.035457296907257824,0.3031308251989337,3.293789253314724,11.510743085311162,0.4230788213809782
007228,0001613103,2016,2017-04-30,4028.0,99816.0,29710.0,25921.0,24873.0,14220.0,50294.0,3845,0.040354251823354975,0.25968782559910236,1.7491561181434598,11.511083770090858,0.030416536607359657
007228,0001613103,2017,2018-04-30,3104.0,91393.0,29953.0,23699.0,22980.0,10084.0,50720.0,3845,0.03396321381287407,0.25930869979101245,2.2788575961919872,11.42292416807609,0.008179064288118543
007228,0001613103,2018,2019-04-30,4631.0,89694.0,30557.0,24486.0,21967.0,8472.0,50091.0,3845,0.051631101299975474,0.2729948491537896,2.592894239848914,11.404159156177569,0.02016492504924372
007228,0001613103,2019,2020-04-30,4789.0,90689.0,28913.0,22795.0,22031.0,10366.0,50737.0,3845,0.05280684537264718,0.2513535268885973,2.1253135249855295,11.415191349806777,-0.05380109303923819
007228,0001613103,2020,2021-04-30,3606.0,93083.0,30117.0,27207.0,22548.0,8509.0,51428.0,3845,0.038739619479389364,0.2922875283349269,2.6499001057703606,11.441246847236334,0.04164216788295927
007228,0001613103,2021,2022-04-30,5039.0,90981.0,31686.0,21075.0,23059.0,12394.0,52551.0,3845,0.05538519031446126,0.23164177135885514,1.8604970146845248,11.418405972490277,0.05209682239266855
007228,0001613103,2022,2023-04-30,3758.0,90948.0,31227.0,25213.0,21675.0,9051.0,51483.0,3845,0.04132031490522057,0.277224347979065,2.3947630096121975,11.41804319360003,-0.014485892823328905
007228,0001613103,2023,2024-04-30,3676.0,89981.0,32364.0,24772.0,21935.0,10789.0,50214.0,3845,0.04085306898122937,0.27530256387459573,2.0330892575771617,11.407353815914204,0.03641079834758387
007228,0001613103,2024,2025-04-30,4662.0,91680.0,33627.0,26560.0,23814.0,12879.0,48024.0,3845,0.050850785340314134,0.28970331588132636,1.849056603773585,11.426059531948566,0.03902484241750104
