ticker,cik,year_new,filing_date,risk_update_intensity,vagueness_ratio,risk_financing,risk_regulatory,beta,car_d-3,car_d-2,car_d-1,car_d+0,car_d+1,car_d+2,car_d+3
BMY,14272,2016,2016-02-12,0,,0,0,1.0793377813499765,0.007990722267529803,0.008418456345350683,-0.004452763079728523,-0.015017598001736826,-0.00147521403500038,0.00671224475247582,0.001596777388493796
BMY,14272,2017,2017-02-21,0,,0,0,0.43414512524218474,0.02369928634584111,0.011814072667644046,0.017900867699808858,0.020058721147151487,0.03242023858032309,0.0416035472692932,0.05462285273305918
BMY,14272,2018,2018-02-13,0,,0,0,1.0476268455533688,0.0374666313434282,0.02492194399014136,0.01856948740203435,0.026936730367420315,0.03522393154853691,0.07929091997770195,0.07877661123549239
BMY,14272,2019,2019-02-25,0,,0,0,1.004356664083952,-0.0024569799000893613,-0.02088939257140932,-0.009502940573824486,-0.01651165297585088,-0.02385794452857393,-0.007588945052800798,0.009816583897692313
BMY,14272,2020,2020-02-24,0,,0,0,0.8597842525550954,-0.011973279556924583,-0.020023858276212857,-0.006620887140892772,-0.006678596192684686,-0.012014052477312437,-0.01105597334771944,-0.017539453101185487
BMY,14272,2021,2021-02-10,99,0.4525547445255474,9,62,0.7718125365461466,-0.014178424139937501,-0.03214487010270538,-0.03977861405552661,-0.03461778696215351,-0.03533100113635301,-0.038027485037370086,-0.046087087101638786
BMY,14272,2022,2022-02-09,71,0.4912280701754385,11,40,0.15280394701173633,0.013771256620389225,0.03303038896123467,0.027619554062566536,0.04462635272827403,0.03825200304553148,0.04703437000571811,0.047137160307577794
BMY,14272,2023,2023-02-14,60,0.4444444444444444,6,37,0.26315220114403803,-0.026974831938806412,-0.01741323655064904,-0.006811798374004439,-0.019608153514212127,-0.03154696244521708,-0.03685434264861323,-0.03238824616158892
TMO,97745,2016,2016-02-25,13,0.5217391304347826,4,4,1.0033055328993596,-0.005454648042879189,-0.007497041510282488,-0.01318180926481586,-0.019033677964910237,-0.019181975825474606,-0.02583485871485253,-0.0021092782686836335
TMO,97745,2017,2017-02-28,18,0.3928571428571428,6,8,1.1948949423271629,0.006017530856241856,0.007493199485861099,0.002402755429584875,0.0033458035802456662,0.0013852091347672747,0.006143949582682732,0.011484340110792357
TMO,97745,2018,2018-02-28,22,0.4545454545454545,4,15,1.1041370058620683,-0.003942478100602893,-0.003932990164906131,-0.006004900336002145,-0.003884890481996776,-0.008227706605445202,-0.008814445246555686,-0.018545495121620997
TMO,97745,2019,2019-02-27,14,0.4666666666666667,2,11,1.1576437283898255,-0.0057376988051591055,-0.001356287243628405,1.4566587541687756e-05,0.018756290605660517,0.022741756457959415,0.03205624726521853,0.018548887268448354
TMO,97745,2020,2020-02-26,25,0.6041666666666666,5,12,1.4692732085960651,0.011261391932659008,0.02293718553138216,0.024619159121671903,0.0312395645757598,0.05259834207019885,0.04423624304382453,0.033923332138280846
TMO,97745,2021,2021-02-25,30,0.4821428571428571,8,5,0.7357397343032394,-0.025563493980624095,-0.034393715098960484,-0.04751654207483162,-0.039428682942469866,-0.039802467382052745,-0.03708450135978561,-0.02502577563328644
TMO,97745,2022,2022-02-24,32,0.5901639344262295,7,21,0.5455556595169877,-0.002349732695171169,-0.01030362286268143,-0.003500912319095493,0.009065708006709177,0.01429371770469076,0.0033036375182308435,0.009205494411609002
TMO,97745,2023,2023-02-23,23,0.5,9,11,1.0153080572628923,0.0066648472311676265,0.011364952857810176,0.007563193547784315,0.007152576700072328,0.002542055261078878,-0.003603925946219202,-0.00034654369149442806
UNP,100885,2023,2023-02-10,23,0.5,2,2,0.8549023688475883,-0.008273889103881375,-0.00734956537450027,-0.01954311285524289,-0.006413480244082656,-0.01187715341481124,-0.021340049988940596,-0.028495975439823424
HD,354950,2016,2016-03-24,36,0.4912280701754385,0,5,0.8390366283000044,-0.0037433591905224137,-0.007369561331282324,-0.003005988960334793,-0.0017770085622320036,0.0015664041488706814,0.002164208529783221,0.004854908144679591
HD,354950,2017,2017-03-23,33,0.5714285714285714,0,10,0.7501748668443681,-0.011048562996166772,-0.009661655242997518,-0.006658189914630998,-0.003266187979506558,-0.005686353332364733,-0.011868510991081755,-0.015558437133887822
HD,354950,2018,2018-03-22,43,0.5714285714285714,2,20,1.2831907461434355,0.006116941685165033,0.01033026481002454,0.008949273849097576,0.024216216308409817,0.02899906538173154,0.024510302755129377,0.03606974023595638
HD,354950,2019,2019-03-28,36,0.631578947368421,1,11,0.9949599945325476,0.005896741342683495,-0.00293196039063642,0.0018988166082199174,0.002731930535173434,0.007015660792558849,0.016018699878484366,0.010009358502162937
HD,354950,2020,2020-03-25,52,0.5189873417721519,6,14,1.0614740071640232,-0.0164714577953416,0.07918125456368497,0.1193253543582476,0.08573588558938003,0.0985513269181284,0.10956871916128534,0.10769205093572838
HD,354950,2021,2021-03-24,91,0.5098039215686274,9,15,0.607453923197966,0.020970480787635585,0.018595496706678843,0.030568019272676765,0.04673010309963099,0.05896796284422984,0.0730339758872242,0.07201851118833022
HD,354950,2022,2022-03-23,3,0.4,0,1,0.7436065300216462,0.003959277780751714,-0.028041132035352922,-0.03561823000674978,-0.06516026436272476,-0.07883353869088064,-0.09719567034250948,-0.09007787863234408
HD,354950,2023,2023-03-15,0,,0,0,1.117006947949673,0.012250497620077216,0.016150857241848057,-0.00517735187645485,0.013279238572477772,-0.009519283533443494,0.00942870323773717,0.0024167427764305756
GE,40533,2016,2016-02-08,3,0.8235294117647058,5,1,0.8754678396542812,0.00796052863731634,0.020326792544944596,0.013294166882307334,0.012930687204898279,0.017269830959813676,0.015486912130283775,-0.0063117747278018735
GE,40533,2017,2017-02-06,0,1.0,0,0,0.826031130101031,8.344893291004123e-05,-9.495400242194433e-05,-0.005211433136741555,-0.003664020969178926,-0.005935748416195736,-0.010691420807840867,-0.009961973130598028
GE,40533,2018,2018-02-12,6,0.5833333333333334,2,1,0.8020042398093413,0.0066033140431030445,-0.013464400510573005,0.01516193376646733,0.0010923840580868843,-0.006786273878501923,0.0019390895754951738,-0.005763033191127373
GE,40533,2019,2019-02-13,2,0.25,0,0,0.8564197332234093,-0.023682824993856332,-0.0006119224447121638,-0.014462561033013955,0.02395858352163063,-0.004920026945520347,-0.007493630502523874,-0.0038173690428599995
GE,40533,2020,2020-02-10,0,,0,0,1.599834966269569,0.006353248827302559,0.008221386152430666,0.006828982083397829,0.001286805123675878,-0.009772525359177942,0.0031352399192944563,-0.013313779579383908
GE,40533,2021,2021-02-09,0,1.0,0,0,0.8853983170094321,0.008289108960287679,-0.005492429856220456,0.00023540135938548284,-0.010674898074034359,-0.026569054034754278,-0.027008117708041863,-0.011616901092517725
GE,40533,2022,2022-02-09,0,1.0,0,0,1.1788985461443104,-0.0008800718444280219,0.010879888153749967,-0.005169985421082964,-0.02429157536917894,-0.009078091031554474,-0.007443905598797002,-0.00431172207501807
GE,40533,2023,2023-02-07,9,0.7142857142857143,1,4,1.0180260038805917,0.0026113092973838632,-0.013171970078421653,-0.004079700101456106,-0.021684300085011057,-0.015969230169817765,-0.024253631884538496,-0.02260653063540783
LOW,60667,2016,2016-03-29,3,0.5833333333333334,5,3,0.9602838406480003,0.0025751131834266337,0.002322944094261033,0.0042373862080017765,0.002437799806622459,0.002519642779750873,-0.00045239995726363124,0.004716267099257127
LOW,60667,2017,2017-04-04,0,,0,0,1.457715916550641,-0.003073846444780487,-0.0029518902938229057,-0.0015750865064593942,-0.008345570868302715,-0.0023316160469477355,-0.003534610828039654,-0.000795671293538215
LOW,60667,2018,2018-04-02,4,0.5714285714285714,0,4,1.175086157393537,-0.017860761933483345,-0.01567000274422659,-0.009629851122663919,-0.02046860018991744,-0.023743855475279976,-0.005295462024269521,-0.006081513892003773
LOW,60667,2019,2019-04-02,6,0.7,5,2,1.1059412087432945,0.0048665111330251165,0.008646886439768027,-0.00842875136312906,0.0010167514955162597,0.016864848737807143,0.027426464176222694,0.036706716276878285
LOW,60667,2020,2020-03-23,3,0.6666666666666666,1,0,1.1774251601911374,-0.04829321071469457,0.009811713902840268,0.003695598641213896,0.05741390758314302,0.09010304510299497,0.15424247389053605,0.13938314799550292
LOW,60667,2021,2021-03-22,8,0.6875,2,6,0.7640461265867224,-0.006953438491217798,0.01007945184621702,0.03597131881455137,0.04653198000277119,0.04835339137962255,0.05770077685099266,0.07839289662578691
LOW,60667,2022,2022-03-21,3,0.6666666666666666,2,2,0.816247900608531,-0.020839996496483045,-0.020252732085582592,-0.02600537237398232,-0.06005468711264558,-0.06705834850952401,-0.09162819580071249,-0.11146944563230696
LOW,60667,2023,2023-03-27,4,0.6,2,3,1.13228934289432,-0.00783273906636165,-0.01957586393485755,-0.02605044862883433,-0.023932630628182797,-0.024900480311724524,-0.031013267899038313,-0.03348381635667344
JPM,19617,2016,2016-02-23,5,0.6,1,4,1.2553869895704224,-0.011579173896762225,-0.011631723368139887,-0.01713457811991321,-0.04468036476583592,-0.05107039426104236,-0.04995343203982654,-0.04152725042384339
JPM,19617,2017,2017-02-28,5,0.6,0,5,1.0331070771878759,-0.00015002466683659258,-0.01125204185157151,-0.014064209470561695,-0.009020479882870008,0.008197891923436468,-0.0021690463129006993,0.0021605816062335737
JPM,19617,2018,2018-02-27,0,1.0,0,0,1.2433564856789512,-0.003240546694059962,-0.0023444309718669417,-0.0034760040958670456,-0.000884158398349765,-0.004156727846093129,-0.009810649702284874,-0.019226890609887946
JPM,19617,2019,2019-02-26,2,0.6666666666666666,0,8,0.8541051487201193,0.0014711307697285393,-0.007888233538020824,0.0019651771596150523,-0.0038563583637480116,-0.004986250079402594,-0.009639701124075578,-0.013621812623249945
JPM,19617,2020,2020-02-25,2,0.5,0,1,1.3414334949695088,0.002873640333332644,0.0031664803280212076,0.018274955640684844,0.012552596850838125,0.022180178068630665,0.03492806023937797,0.002441547000789253
JPM,19617,2021,2021-02-23,6,0.5454545454545454,0,3,0.9927365360232817,0.008255623680358721,0.020583862946876714,0.0378922531640027,0.04553839499382996,0.050258911200484334,0.06144409127817325,0.037078609586364206
JPM,19617,2022,2022-02-22,0,,0,0,0.7697477146886285,0.0015774571872148482,-0.005101331617174423,0.005978804654936073,0.01285645971280176,0.005835189139137666,-0.0343831238728606,-0.02774694333386349
JPM,19617,2023,2023-02-21,7,0.5454545454545454,0,2,0.8390191037446323,-0.0014845988011275508,-0.006547410164072106,-0.0030791162088092063,-0.0062178514795253725,-0.015325115959572488,-0.013354527089932698,0.002237357928092659
GS,886982,2016,2016-02-22,5,0.25,1,3,1.3702083253017994,-0.011480106066958304,-0.026558306896337085,-0.031357494360513403,-0.037726030041276684,-0.04721434968161481,-0.049093399187408675,-0.045310685519362785
GS,886982,2019,2019-02-26,1,0.3333333333333333,0,1,1.1494521784839336,-0.006022956181148725,-0.013980638381466876,-0.0008242662632235494,0.0033471940158774707,0.003962899390189107,0.0013450277797446616,0.0031831350677223036
GS,886982,2020,2020-02-21,7,0.4444444444444444,0,2,1.5420485201194551,-0.013185448572206259,-0.0033639087532233956,-0.018589605302150813,-0.012419683234019943,0.01033258686965547,0.025063818153378048,0.02511397902410403
GS,886982,2021,2021-02-22,5,0.5833333333333334,2,2,0.9167155598928071,0.0027143333207525072,-0.0022645426689895925,0.011761876194226167,0.02263006653331595,0.029255847929462297,0.052771347582157124,0.0665197839637086
GS,886982,2022,2022-02-25,2,0.7777777777777778,1,1,1.0168898374754574,0.006896006536782243,0.016916539561896614,-0.0017828504814756847,0.005497761746637731,-0.018764824249938247,-0.03539177144944907,-0.02795470531815489
GS,886982,2023,2023-02-24,1,0.8333333333333334,0,0,0.8779467766198441,-0.0027844926514631885,-0.003606228818830282,-0.0012573574285208822,0.0077979319611613945,0.008776353174571833,-0.027651705789630786,-0.03389992178306404
UNH,731766,2016,2016-02-09,7,0.7647058823529411,7,2,0.7657127604465982,0.010273382296651996,0.0037460206143113232,0.0017061315102774362,0.014604132174317172,0.028796652218465273,0.01935268500360509,0.014972915338044195
UNH,731766,2017,2017-02-08,0,,0,0,0.9068644284619101,-0.000952015468464542,-0.007676258336080562,-0.007843210742315851,-0.011105778864786411,-0.01696289506753739,-0.019534325879549792,-0.016821625262787777
UNH,731766,2018,2018-02-13,9,0.5714285714285714,5,2,1.3357549127582296,0.004718664041302653,0.008926905300874716,0.012497536942454045,0.012660502303349336,0.0027420375894715247,-0.024341223657942043,-0.010187134122681192
UNH,731766,2019,2019-02-12,6,0.3,4,1,1.0124400878841715,0.006137905591276526,-0.021846946689358517,-0.04223139986369079,-0.030950000213976783,-0.033560362321892995,-0.027251413860256264,-0.017292955995903705
UNH,731766,2020,2020-02-14,0,1.0,1,0,0.937570214483488,0.009139680110350882,0.04600289929639337,0.04173893505221281,0.028094862476193926,0.04039279295317354,0.04525841079238726,0.03651313761092597
UNH,731766,2021,2021-03-01,8,0.5384615384615384,0,10,0.91414319787608,-0.0011136449856242042,0.014177136230640156,0.02889927583365131,0.01459486440222994,0.0238280384814583,0.03296163676949926,0.052063031606030784
UNH,731766,2022,2022-02-15,7,0.3571428571428571,0,10,0.7128091454456763,-0.012325240852310146,-0.018469517893050704,-0.0244200819997075,-0.030000245019807754,-0.027505830495661573,-0.0336855173145974,-0.034242380093891175
UNH,731766,2023,2023-02-24,9,0.4285714285714285,0,11,0.4047299181254266,-0.006666725192930278,-0.010724339260650273,-0.006346063819861357,-0.016580292979729152,-0.019389114545354576,-0.03299281540428561,-0.032604558720949514
CSCO,858877,2016,2016-09-08,0,,0,0,1.1555219120201423,0.0008956486866652817,-0.001989297543827261,-0.005671552460428038,-0.013559949354082425,-0.004584917761290906,-0.001098151494471844,0.004905143862303146
CSCO,858877,2017,2017-09-07,8,0.3846153846153846,3,3,1.1918238566135868,0.0004451273967570799,-0.010475965780028356,-0.005321674846806669,-0.0076853274475760045,-0.013936310290001105,-0.002549487608327952,0.0011073222080826856
CSCO,858877,2018,2018-09-06,2,0.4285714285714285,4,0,1.3846757632900542,0.013031291818472967,0.01560512215757228,0.011114335903837322,0.01711742388003224,0.015833569338016232,0.013407895875517922,0.00838347238331432
CSCO,858877,2019,2019-09-05,7,0.3529411764705882,3,3,1.4285641072477604,-0.00968200444571705,-0.005046066341860923,-0.0017687112450643864,0.004759227382451601,0.014020791605166958,0.008818215364812297,0.021032357890822008
CSCO,858877,2020,2020-09-03,5,0.2857142857142857,2,6,0.9158042321908764,0.002549026381269213,-0.00907977977097988,-0.010255786894546237,-0.013126902829469376,-0.008269569917798512,-0.003167644716031582,-0.017443576316343697
CSCO,858877,2021,2021-09-09,10,0.3125,0,7,0.9690310673324406,-0.0026791299996760456,-0.00863976808929907,-0.009560595056169496,-0.009056942564392028,-0.014997008916187195,-0.014172117137884757,-0.013004644135600957
CSCO,858877,2022,2022-09-08,12,0.3571428571428571,0,10,0.7916235711547803,-0.007799638992997659,-0.00569599719571985,-0.006911688226371421,-0.004099015320005125,-0.007603275131093668,-0.0014958721080805546,-0.017863140071267554
CSCO,858877,2023,2023-09-07,9,0.5714285714285714,0,4,0.7246621855778379,0.005961540943443552,-0.00019797533709898195,0.0021165438615366105,-0.0021452748374224387,-0.005562429798619579,-0.00783121157711307,-0.012864543767855886
TJX,109198,2016,2016-03-29,0,1.0,0,9,0.7927835250252215,0.00581969669172897,-0.0023036284510018473,0.004841280408068452,0.006623536486205306,0.003330064860158269,-0.000690906659879211,0.0005844433596437831
TJX,109198,2017,2017-03-28,0,1.0,0,0,0.7702862751778178,-0.002719539069075673,-0.0024047327299922382,-0.0030760337948009795,-0.003719991499749611,0.006927624817999165,0.006125276378664083,-0.0016106345601641396
TJX,109198,2018,2018-04-04,0,,0,0,0.5984129446387562,0.0018928464863945775,0.0015746444015535353,0.015823994542938327,0.028708125918879134,0.0352311659591721,0.02845535877189565,0.01596776818796279
TJX,109198,2019,2019-04-03,0,,0,0,0.8801731323911286,-0.002194310856250902,-0.011810125463583496,-0.01384816895864309,-0.014119398872364384,0.004762396651540518,-0.0020433575198964124,0.0013819533037633326
TJX,109198,2020,2020-03-27,8,0.7272727272727273,3,4,0.8019050505390114,0.04265872556951496,0.10324526712340117,0.14482792634053832,0.14678120977691084,0.13916843529602368,0.1541283679781558,0.12315006820483407
TJX,109198,2021,2021-03-31,3,0.6,0,8,1.1010235497249972,-0.0019264118749016228,-0.0036204150838246305,0.0116998742940552,0.0002042502173700972,-0.01622344034668581,-0.001615648095063248,-0.0035112719233992657
TJX,109198,2022,2022-03-30,0,,0,0,1.1061613592250554,0.0167251401966636,0.021363762184001482,0.042178882741033034,0.014538709676744577,0.007544731507031329,0.007535988930294425,0.017543799056851758
TJX,109198,2023,2023-03-29,2,0.625,1,5,0.6402131678553542,-0.0009157620897579117,0.002744001967302869,0.013178983811813594,0.007704689355446895,0.007763116518236844,0.016160968969571598,0.019444151145900083
AMGN,318154,2016,2016-02-16,8,0.6,0,2,1.2918132105614943,0.010334214930564347,0.008741725316928125,0.004940821698951756,-0.001951723179570073,0.0004686294595250759,-0.006663166932279574,-0.0017118781435922327
AMGN,318154,2017,2017-02-14,2,0.7777777777777778,3,1,1.1543750351270174,-0.009979228886101546,-0.010828964563354901,-0.009340452134892988,-0.010117070929383274,0.007992909619406744,0.01267869788022344,0.018720050405354904
AMGN,318154,2018,2018-02-13,0,,0,0,1.3958569659189901,0.024563333306214356,0.01002988978141824,0.000349340708658271,0.003069618952045958,0.011517397081172425,0.01937871034953561,0.019238110859732423
AMGN,318154,2019,2019-02-13,4,0.7142857142857143,1,1,0.8931416199891365,0.009009596094978667,0.006736482660143972,0.009884031535329917,0.010301342838111734,0.0070573146529478705,0.0062551564899571725,-0.003135588169045693
AMGN,318154,2020,2020-02-12,0,1.0,2,0,0.8048013136321255,-0.0049640827682444965,-0.01898254007183239,-0.015200693769498135,-0.029168470613314783,-0.03919557882656641,-0.03881076863588499,-0.045508454510873396
AMGN,318154,2021,2021-02-09,6,0.5555555555555556,4,1,0.881044053655954,-0.008744404023985148,-0.017279163308154495,-0.01999342872301184,-0.024096242452462703,-0.01556441649809244,-0.023571958065282374,-0.017840088365957796
AMGN,318154,2022,2022-02-16,8,0.6666666666666666,2,0,0.4845591888134587,0.005408080211575099,-0.0017567092301392865,-0.012211661028546398,-0.018521955031837286,-0.01307645219376458,-0.013606114377315653,-0.005708141664132787
AMGN,318154,2023,2023-02-09,8,0.4285714285714285,4,0,0.41596753750577564,-0.0028055392760834145,-0.007385679893074764,-0.01907050545847748,-0.016648265551038998,-0.007279625786635272,-0.0074391060434356275,-0.010308604295716194
SCHW,316709,2016,2016-02-24,1,0.8888888888888888,0,2,1.6405582751148229,0.012335651875162378,-0.006672851336744312,-0.003672626917804808,-0.03009603472358882,-0.03053267740034607,0.026240727521407284,0.02017222035026979
SCHW,316709,2017,2017-02-23,4,0.6666666666666666,4,1,1.34237996680344,-0.0038751211906767925,-0.0074652904315218385,-0.010282806163067306,-0.019517182026993235,-0.02459785226580504,-0.01351849955332816,-0.04023705910134283
SCHW,316709,2018,2018-02-22,1,1.0,1,0,1.2643647054219471,-0.005102184819622747,0.004524448745926718,0.007751076665282925,0.000732282186768048,-0.005731145543923479,-0.0011814268414649994,0.014415509062374654
SCHW,316709,2019,2019-02-22,0,,0,0,1.154665616480113,0.012725059948985507,-0.0023268323603748784,-0.013621565258403906,-0.010790642425202533,-0.015479535522202834,-0.0014574769466183333,-0.0014825949383775777
SCHW,316709,2020,2020-02-26,0,,0,0,1.9575451283309597,-0.029787480131596784,-0.01911173624863406,-0.011392025438779246,-0.004910958864262272,0.08740005391781022,0.07671009046246804,0.028244302217388495
SCHW,316709,2021,2021-02-24,2,0.0,1,1,0.9857002885942692,-0.005938416672395163,0.017438279225120788,0.011323577908834266,0.02549976696203184,0.028002896854972373,0.006993531078641559,0.01821329434534011
SCHW,316709,2022,2022-02-24,11,0.4285714285714285,3,1,1.0631536576089327,0.0015218756837051513,-0.0012147031865346542,-0.00841731103872936,-0.03144112152752999,-0.015193316954630963,-0.03238237608307987,-0.0970834762836666
SCHW,316709,2023,2023-02-24,0,,0,0,0.6446279594767024,0.006987566507202365,0.007660268018792189,-0.009325302431631363,0.0168945299768394,-0.019967734904152122,-0.01876376094035267,-0.024242968876178304
ABT,1800,2016,2016-02-19,0,,0,0,1.0842270249648693,0.0045907563992498256,-0.0023224414168607696,-0.0008085450303047092,0.00578713852119075,0.007230498037796871,0.0009516775438362908,0.017271885927664217
ABT,1800,2017,2017-02-17,2,0.7272727272727273,1,1,1.0191191426414266,0.006467162461166775,0.010083060336528343,0.016377361356873562,0.026001417958755643,0.027713699593767106,0.029962368994006623,0.040028131267568476
ABT,1800,2018,2018-02-16,0,,0,0,0.746627043916077,0.0005436922384782087,-0.0003756945815414055,0.01096145649116623,0.0206483685237082,0.006590590279423825,0.006381153192577227,0.00491831265466269
ABT,1800,2019,2019-02-22,0,,0,0,1.1055977462331807,-0.007488442328745905,-0.004182907611918448,-0.007137907204082084,-0.0025694300817004434,0.003954302944801901,0.002610095145815042,0.006740797452108056
ABT,1800,2020,2020-02-21,0,1.0,0,0,1.0977773770338217,-0.005806432734210318,-0.005331333725032548,-0.011785233390400544,-0.011697602601780531,-0.008319705062350429,-0.016559131052065565,-0.007042134058132164
ABT,1800,2021,2021-02-19,0,,0,0,0.5700100591821683,-0.0017192372215783795,-0.0071974921608953316,-0.018547334439220707,-0.03971940035847289,-0.03892444184564165,-0.053195047467810064,-0.047277379634490156
ABT,1800,2022,2022-02-18,0,,0,0,0.5129898706240873,0.00011210861012820802,-0.003087876159758137,-0.017879468187307273,-0.045676175120473346,-0.03436971781374585,-0.027932409791949598,-0.02426780977093092
ABT,1800,2023,2023-02-17,0,,0,0,0.8079264000864891,-0.013008698295224093,-0.01704329143235038,-0.018602026071994245,-0.01064781749328328,-0.023706506679456677,-0.03311553490734688,-0.039051383954910875
BAC,70858,2016,2016-02-24,4,0.5,0,4,1.4109304327446264,-0.007575989104192431,0.0071267370212392475,-0.005457718141290792,-0.013842079913158813,-0.012675309646546904,0.01885448300682993,0.014081182012837574
BAC,70858,2017,2017-02-23,7,0.3636363636363636,0,1,1.3248828926750618,-0.007385137623868646,-0.006906892240989459,-0.006623131252628205,-0.0163166728309726,-0.0335787302604624,-0.02461673175913518,-0.016409861084660197
BAC,70858,2018,2018-02-22,5,0.6666666666666666,1,3,1.2642687512533402,-0.00953125913130805,-0.004451338260527628,-0.002376242642103485,-0.009916125729474787,-0.01933125677869056,-0.02141168825331953,-0.00993106658093192
BAC,70858,2019,2019-02-26,2,0.3333333333333333,0,2,1.0030801112775432,-0.0005015043330366975,-0.014024504847832348,-0.008816067844904954,-0.006598849444725283,0.001124211813010579,-0.006160454758142953,-0.0043105528003342854
BAC,70858,2020,2020-02-19,3,0.6666666666666666,1,2,1.4304981880948286,0.0003369151067697542,-0.004239571878095209,-0.01858454339306641,-0.013344953501837075,-0.00635879621266569,-0.0068985094420329586,-0.00938774698076875
BAC,70858,2021,2021-02-24,9,0.6666666666666666,1,2,1.054813679535828,0.006370303669893106,0.03321265255564441,0.04409753982575804,0.05539887100731096,0.07010302433902851,0.03921145388347201,0.04321060924271593
BAC,70858,2022,2022-02-22,11,0.3333333333333333,1,3,0.8509062297523894,-0.004378685710893579,-0.02188789488931242,-0.01903053249318669,-0.019988207594048436,-0.02354268408340384,-0.06539341556864137,-0.053462769775353566
BAC,70858,2023,2023-02-22,6,0.5555555555555556,1,4,0.9559008208668062,0.0037006403786174237,0.00791821793572442,0.003424001477701326,-0.0032288462745278697,-0.00933011872346543,-0.0016472459339540255,-0.005397607515473237
CVS,723254,2016,2016-07-29,0,,0,0,0.48858289451509884,-0.002552698742323762,-0.013624493320806917,-0.007069507036801585,-0.015273094582847202,-0.005611443272081077,0.04699732365997779,0.038685273134058173
CVS,723254,2017,2017-07-31,0,1.0,1,0,0.8039275125763475,-0.007630784650621444,0.0022567171440104183,0.013788585383226372,0.01689404062733902,0.012276653208468408,0.013856619029215983,0.0013470625174419864
CVS,723254,2018,2018-07-27,0,,0,0,0.9331270833563124,-0.0047785881900913405,-0.005252746353243819,0.0024902696963294045,0.015584163429375856,0.03317621660820817,-0.009118370871548286,-0.018795834117814415
CVS,723254,2019,2019-07-26,1,0.75,1,3,0.9207905934432689,0.010251527344676513,0.010396886012966297,0.00821968171520507,0.005065695774392379,0.022262120746736953,0.030006280469447838,0.029287318355115163
CVS,723254,2020,2020-07-29,1,0.6,3,2,0.8454125525307394,-0.0007542161016597625,-0.020134651393601235,-0.002697592248412841,0.0013589398025648809,0.0015121861068611991,-0.018481728474427375,-0.01081932257466407
CVS,723254,2021,2021-07-28,4,0.3333333333333333,0,5,0.2904560212283549,0.0042364194148896885,-0.0019657077199753967,0.008132145434240276,0.002285616351353763,-0.002835252333031095,-0.010547440545396213,-0.01046749007259746
CVS,723254,2022,2022-07-27,9,0.75,2,6,0.5068751736964252,0.014861297173862819,0.018644450308989268,0.033542673345989885,0.02680594930429982,0.01717427062464602,0.012163868025117115,0.017027498129694157
CVS,723254,2023,2023-07-27,0,,0,0,0.6289352982962679,0.012057696945042991,0.008912945388240178,0.0031326282612681375,0.014892669015978972,-0.00104987445198116,0.00015071602289145865,-0.0053242603206962655
JNJ,200406,2016,2016-02-24,0,1.0,0,0,0.7104727505544466,0.004965272671775187,-0.001160886558509061,-0.0008079698358255784,0.0024941073695698137,0.006549799778843616,-0.0009181105431661819,-0.0037471411577517178
JNJ,200406,2017,2017-02-27,0,1.0,0,0,0.45623086883801484,0.0001534427539475942,0.01933730142502196,0.03469814234534546,0.03162810657331423,0.032725356232105096,0.040657519250516805,0.042460320283783874
JNJ,200406,2018,2018-02-21,7,0.3636363636363636,0,2,0.8760646999265478,0.0029710486894110287,0.017954536514832885,0.007011482788866066,0.004210427427037336,0.00469344889274825,0.008770724285619591,0.007426832986048868
JNJ,200406,2019,2019-02-20,8,0.4615384615384615,0,1,0.6215965290558406,-0.00039717203291966233,0.00803912568099418,0.0012780483474177755,0.004592883759989108,-0.00027209800009367433,0.004243493005641664,0.006820525815004877
JNJ,200406,2020,2020-02-18,0,,0,0,0.3490728474999446,-0.00938913583760131,-0.016969277703000517,-0.018512713806367088,-0.02565909136734386,-0.030038914821062735,-0.034187904302689545,-0.02148780537502925
JNJ,200406,2021,2021-02-22,14,0.2941176470588235,0,2,0.601588803542622,0.005096828302030675,0.009653994719885609,-0.008525029034437727,-0.003223399288938826,-0.011173458296270415,-0.00445650445216819,0.01270987616782421
JNJ,200406,2022,2022-02-17,4,0.75,0,4,0.11720264621348257,-0.012192221367928878,-0.004026600291001001,-0.004755732597532887,-0.008461499486102865,-0.018235103021967736,-0.030603365183257392,-0.02808396124444683
JNJ,200406,2023,2023-02-16,11,0.6153846153846154,1,5,0.36117744789812145,-0.0002236167404507999,-0.004927714375200134,-0.023007766012905502,-0.02551023619363707,-0.00372413239522908,-0.01123775499985441,-0.012411749945257452
EMR,32604,2016,2016-11-16,1,0.6666666666666666,0,0,1.4369206368023268,-0.00445440255531503,-0.007295387622561399,-0.013381300763683006,-0.025317858426763498,-0.03644511806962144,-0.0432301461139535,-0.0482689488103804
EMR,32604,2017,2017-11-20,6,0.875,5,1,1.0233954993363144,-0.014128591718029123,-0.025268071989643204,-0.01042363141556338,-0.00558196697267435,-0.010944127010141441,0.014312263621007161,0.007915973594121845
EMR,32604,2018,2018-11-19,6,0.5384615384615384,0,1,1.3023620891950305,0.018132283133440747,0.032278095829793685,0.04134427287467856,0.04627461941767512,0.04993250438495807,0.04437050710475391,0.02976833523526721
EMR,32604,2019,2019-11-18,3,0.4705882352941176,1,9,1.3987521613926994,-0.007688510852605322,-0.014428210610115899,-0.013925114774023837,-0.020990261468125937,-0.018756159150699524,-0.02244818662287033,-0.009527249305427582
EMR,32604,2020,2020-11-16,11,0.5384615384615384,1,6,1.111089638338713,-0.04171954360917293,-0.03316246754409057,-0.026631342844180082,-0.011563683181102765,-0.03036509895137421,-0.013750009551700193,-0.01566760050833626
EMR,32604,2021,2021-11-15,3,0.8,0,1,1.3936958024081783,0.01571096313294921,0.015651494544216063,0.0077157737295957835,-0.0018284016158498523,-0.008543665443004778,-0.021429569953145575,-0.01837099430102408
EMR,32604,2022,2022-11-14,7,0.6666666666666666,0,4,1.024716838391826,0.014383491162874773,0.0003020226684926474,0.004341632692144727,0.006791691741360957,0.01054929869418766,0.010135226960567083,0.007367185835043331
EMR,32604,2023,2023-11-13,3,0.6666666666666666,0,3,0.8966020186581544,-0.002788266480531917,0.009171077850779804,0.010986467545980943,0.011518576301937715,0.01264189929567834,0.007937169041019886,0.004157940482556218
AAPL,320193,2016,2016-10-26,6,0.4545454545454545,1,4,0.7761782298373588,-0.005619266398221618,-0.0018328152075137065,0.0048797805839928005,-0.017236747009942092,-0.02552287512400362,-0.03194174307682533,-0.03563547425384864
AAPL,320193,2017,2017-11-03,0,,0,0,1.5482262633612627,0.011722107901472703,-0.0012059581274254556,0.006526652159127781,0.029174118072117526,0.037021494813945025,0.04402549722330901,0.05101021106464972
AAPL,320193,2018,2018-11-05,5,0.75,4,1,1.213265190965118,0.011854317106457362,0.009892528384807881,-0.05216827258957214,-0.08746995209426864,-0.085104412065536,-0.07966704190476263,-0.08110989062609138
AAPL,320193,2019,2019-10-31,5,0.7272727272727273,5,1,1.5517577203878814,0.0006688750892637225,-0.022794640981459738,-0.028457752446364153,-0.0016738605816404295,0.00963436457553242,0.009137427029207104,0.008139238060957194
AAPL,320193,2020,2020-10-30,8,0.4666666666666667,2,3,1.2537397087363389,0.015499545191140161,0.008555220127574701,0.030709786730191764,-0.010634195636644618,-0.028378911184219275,-0.038390324889259385,-0.02387659573177406
AAPL,320193,2021,2021-10-29,4,0.6666666666666666,0,3,1.180679862611131,0.004115958683595627,0.009342764099247735,0.020525775576299303,0.0006922726416802444,-0.012155593805562467,-0.00797097875427455,-0.007339714737298626
AAPL,320193,2022,2022-10-28,0,,0,0,1.2099984709865934,-0.0031807508701984094,-0.01765988670128836,-0.04350458186572847,0.005910561837352217,-0.0026612061297694653,-0.017937348320278497,-0.025291935493085255
AAPL,320193,2023,2023-11-03,0,,0,0,0.9670121456655704,-0.0031856891008510443,0.006313966171046577,0.007597554706979398,-0.008806131931883066,0.006639657946432464,0.018898897735940764,0.025267860132505697
INTC,50863,2016,2016-02-12,10,0.625,2,6,1.1006870639641997,0.0016978844607307493,-0.02006552587217893,-0.008565318297399233,-0.01717227303357395,-0.033079745837164304,-0.030357003772299808,-0.028763141555161586
INTC,50863,2017,2017-02-17,12,0.4285714285714285,1,1,1.1073211025111516,-0.0005178833138623153,-0.0023266775832922006,0.009194318322035227,0.009163145433350013,0.003975239712743686,-0.006269177041698422,-0.00206288495342981
PFE,78003,2016,2016-02-29,3,0.8571428571428571,0,1,0.7139874596721332,-0.0012241305542900556,0.010193981149153649,-0.0014606880938708225,-0.0154617707859602,-0.018670556624391932,-0.024402332262508875,-0.031088414790989095
PFE,78003,2017,2017-02-23,1,1.0,0,0,0.9678496145086711,-0.0007671979431039188,-0.005319655728551251,-0.0034549132252290984,0.012488578398821839,0.018996762396755493,0.01872161874027325,0.0196239322233576
PFE,78003,2018,2018-02-22,0,1.0,0,0,1.1185103624350947,0.015343111696530068,0.01583067283434082,0.014167434490773591,0.013716204231306487,0.012225039869363921,0.02428377826528159,0.03085928086519795
PFE,78003,2019,2019-02-28,2,0.3333333333333333,0,0,0.7730137896078259,0.0011468039295480775,0.00031147017326806645,-0.0027681181484379884,0.008605294518198057,0.003542246374586805,-0.00047080261195737126,-0.00422818679520836
PFE,78003,2020,2020-02-27,8,0.8,3,2,0.48692690535978883,-0.01402056229201081,-0.021102265635863374,0.004717344212314987,0.006727656476058948,-0.009139505435541838,0.014832031764599529,0.010108115271900224
PFE,78003,2021,2021-02-25,3,0.5294117647058824,2,1,0.5354823167935365,0.0005266101675701395,-0.008415553762520862,-0.01859608523787455,-0.0016860885305356524,-0.008796275800368025,-0.01549814763598027,-0.015425355845673266
PFE,78003,2022,2022-02-24,1,0.5,0,2,-0.34444491311208547,-0.011790487152949551,-0.03763195346062241,-0.05910942297398193,-0.07435034314525885,-0.029802160486251866,-0.047638510588396354,-0.07953211200659024
PFE,78003,2023,2023-02-23,1,0.75,0,1,0.5436620194446565,0.007994733749268816,0.007659600727285791,0.0008417766193263357,-0.003348228031150949,-0.0104804488673556,-0.035177039359810335,-0.03858039295148326
QCOM,804328,2016,2016-11-02,7,0.625,0,7,1.1995037845251175,-0.022888651710185795,-0.020589413285300517,-0.019860548108049866,-0.030802333990665884,-0.030026264027405842,-0.033687854282363615,-0.03472784492888967
QCOM,804328,2017,2017-11-01,0,,0,0,1.4716833314767228,0.004343007785607226,0.012183570234160345,-0.05638133434055333,-0.00825254088431384,0.01826069937116815,0.1423600710979806,0.15196056374005798
QCOM,804328,2018,2018-11-07,0,,0,0,1.4095438898139883,-0.0007906018382257025,-0.00639937925275675,-0.013481229687902493,-0.04878721891780741,-0.1278446101449603,-0.13861624607972525,-0.15288568861546353
QCOM,804328,2019,2019-11-06,10,0.25,2,0,1.4872046119080433,0.02465798049010941,0.0379404307270257,0.04469451526251738,0.03627617074830185,0.09607584922817353,0.13796696863042684,0.11792083656703467
QCOM,804328,2020,2020-11-04,6,0.25,0,7,1.2446814411672062,-0.010369238278374132,-0.022797959511279532,-0.03662034429476957,-0.03527266569931135,0.06363841627457242,0.058612925604466404,0.026494237142694624
QCOM,804328,2021,2021-11-03,10,0.2727272727272727,1,9,1.1355336176809896,-0.0054218749086041365,0.0019716157762789035,0.0033208041656975565,0.01959010398652522,0.1440951435821481,0.18441805967749983,0.20000702474780252
QCOM,804328,2022,2022-11-02,9,0.4615384615384615,1,10,1.2218751668663816,0.0139035819233088,0.008784927769227097,0.009247029234724204,-0.0006965873570427428,-0.06586370039837401,-0.05438691400595651,-0.0318310173833488
QCOM,804328,2023,2023-11-01,3,0.6666666666666666,0,3,1.5166442913009213,0.016096278080517168,0.012523752199046402,0.013539244152251806,0.01615656095105563,0.04373632973824767,0.0442150090955933,0.04863882598691792
F,37996,2016,2016-02-11,5,0.625,0,8,1.1762592941496215,0.033048736741667896,0.0168159980725385,0.01648155336094937,0.016448637521281402,0.027655859487174937,0.03542856420514675,0.048705121316046464
F,37996,2017,2017-02-09,0,,0,0,1.3146467938423227,0.0008439105905187652,-0.012359591655187994,-0.010265445492026454,-0.018335229345238586,-0.012765951301549092,-0.014422414347679036,-0.01189759936255039
F,37996,2018,2018-02-08,5,0.5,0,6,0.5792230383091852,-0.021910806878251133,0.019954580056545507,0.02232686556191155,0.011708617419512232,0.01413778782950063,0.022578488583478395,0.010575087984960188
F,37996,2019,2019-02-21,0,1.0,0,1,0.7994531239952058,0.005925305276670153,0.038339170857315634,0.04944970190646393,0.026883349121821196,0.022128610956501926,0.02712173184864663,0.04235209359730166
F,37996,2020,2020-02-05,6,0.4,0,9,1.168804061298775,0.0183738481086268,0.028861962717578054,0.03495932691559994,-0.06953801688019283,-0.07861246532313836,-0.08793687435584743,-0.10081270367348937
F,37996,2021,2021-02-05,0,1.0,0,2,0.9557161503328838,-0.013830930091739557,0.01297646199588553,0.014155991265352084,0.017453580258804627,0.009243152347574501,0.03712800803073141,0.01996388892790908
F,37996,2022,2022-02-04,6,0.5,0,4,1.482268116365764,0.0003582520949495828,-0.012833912431678201,-0.018826435055104423,-0.13130182306829752,-0.13722668462838045,-0.16499479340325032,-0.15823545260866623
F,37996,2023,2023-02-03,0,,0,0,1.3310346375927944,0.02870107644957427,0.03590200875484554,0.0572673958202072,-0.00339837884876399,0.0007123494027109836,0.010343702346851814,0.02322152074138168
NKE,320187,2016,2016-07-21,0,0.5,2,0,0.8500558534987156,-0.002851991596909743,0.0011085441188016373,-0.001220510693150002,-0.010121771413933354,-0.01690316902078366,-0.005389239124954794,-0.018630525482754307
NKE,320187,2017,2017-07-20,1,0.6,0,0,0.6493000421503057,-0.004095004315827462,-0.007280947150411809,-0.00953628671703359,0.012999372266338093,0.02751511278996332,0.010455555580331951,0.015210011219380988
NKE,320187,2018,2018-07-25,1,0.6875,0,7,1.0730462583696962,-0.00010459948471368808,-0.007345870752826883,-0.02464068205890803,-0.013260735191359457,-9.132797410372692e-05,-0.009343215135893285,-0.016784015867474637
NKE,320187,2019,2019-07-23,0,0.6,1,2,1.3655900087172304,-0.004765833616022548,-0.0067661313137992365,-0.01607485890042461,-0.015604785281605086,-0.023295238880675993,-0.007373301091722982,-0.013854559342091417
NKE,320187,2020,2020-07-24,12,0.5882352941176471,2,5,1.0261881739259735,0.02553162755867791,0.025407880703406056,0.029992375475124303,0.03804013404053095,0.01595598657581773,0.01295017385078882,0.005998327033670647
NKE,320187,2021,2021-07-20,5,0.3636363636363636,2,0,0.9854332348910066,0.003993924095769436,-0.000673077972894621,0.0005726321338459699,-0.005021353088761769,-0.00694665602310753,0.008130302818468587,0.014935972842935318
NKE,320187,2022,2022-07-21,5,0.4666666666666667,1,6,1.2897729325613148,0.000994505725895994,0.01728191946375021,0.025804223570010554,0.0194288228278104,0.011627142063110376,0.011621759877494057,-0.009349642196664404
NKE,320187,2023,2023-07-20,7,0.6875,4,5,1.0525316035035153,0.004584094479164964,0.008468942873709575,0.009497160689618806,-0.0020511231706916693,0.014381528717183357,0.010553869347433121,0.006080955506667279
CSX,277948,2016,2016-02-10,1,1.0,0,0,1.218785911005812,0.016015290176627096,0.046256829765041925,0.08948690154820899,0.10130522838861664,0.0877491202106675,0.09821357764441073,0.1019056229882962
CSX,277948,2017,2017-02-14,9,0.625,2,5,0.8855276974351837,-0.014484769576594454,-0.022057784539411124,-0.02760495420811971,-0.033522267549803204,-0.05586821240227067,-0.051726112073019366,-0.03994330951838633
CSX,277948,2018,2018-02-07,3,0.6,0,0,1.1539146657320287,0.0009488163221294532,-0.013814192582434,0.004090837218844925,-0.006508643974090379,-0.013293495654218439,-0.018765642671774274,0.010961530524881781
CSX,277948,2019,2019-02-06,5,0.5384615384615384,1,3,1.122356949925654,0.006211188615266265,0.017322066676624632,0.025193365722812,0.02558749721943482,0.03743576450329031,0.04481480089914955,0.05028207719860422
CSX,277948,2020,2020-02-12,12,0.75,1,5,1.2321210564347913,0.0006338272053485671,0.004849511474508594,-0.004336270233049091,-0.00036934359413688927,0.004618980108920681,-0.0009874467183275974,-2.7309258184887416e-05
CSX,277948,2021,2021-02-10,2,0.3333333333333333,0,0,0.9511552090493842,-0.004313411980918747,-0.028186951700947364,-0.015233449011533264,-0.018222686137880743,-0.013553904327255423,-0.002337040929041686,0.005495815750404183
CSX,277948,2022,2022-02-16,4,0.6666666666666666,0,2,0.8009329502296908,-0.0047091713850581154,0.014456821351972838,0.018293522421508016,0.03536957659132006,0.04976833303973126,0.043255415246269795,0.03951363846058316
CSX,277948,2023,2023-02-15,0,,0,0,0.9822950284909109,0.013227253939469495,0.005023297232150097,-0.0013452750875679537,0.0021770137631667522,-0.002462160597764331,0.004195678022891406,0.004988254722821863
ALL,899051,2016,2016-02-19,4,0.2857142857142857,2,2,0.8030553269515365,-0.00514380278687002,-0.013978873534424927,-0.022949416601614474,-0.028699483206147715,-0.03458176204324849,-0.03740211517887587,-0.0392052511515954
ALL,899051,2017,2017-02-17,0,,0,0,0.5833217680099939,-0.0007235181168326402,0.007043224209821695,0.008041896728184353,0.001632522355547521,-0.00036522345177639757,-0.0006917232670888417,-0.0013795467933856009
ALL,899051,2018,2018-02-26,9,0.5833333333333334,1,0,0.9600842369308475,0.002049701421057281,-0.004307026669453677,-0.0010764908885352812,0.004330157183770075,-0.001405414948423167,-0.009041394952277433,-0.0004684758468905502
ALL,899051,2019,2019-02-15,2,0.6,1,0,0.72222243967718,-0.004290396673604945,0.005966708737095878,-0.0006622404933607573,0.004381807610619736,0.005761190892821424,0.009425240895183698,0.00798890323488559
ALL,899051,2020,2020-02-21,0,,0,0,0.7658339102807302,-0.009465430932208994,-0.014593896807347632,-0.019877877358771345,-0.011925341264828011,-0.013357668328106758,-0.018420160042466695,-0.02859769815029689
ALL,899051,2021,2021-02-22,0,,0,0,0.5797568278538555,0.016936234158952183,0.022442217024832567,0.0049412435802214105,0.028103862096162446,0.05407639450393383,0.050356586017303716,0.0697106196041297
ALL,899051,2022,2022-02-18,4,0.6,1,4,0.3411633051146584,-0.009959980930414516,-0.015162060396073838,-0.013939094126427614,0.0161715366484247,0.01442950521370388,0.006906030785967325,-0.01775589981787573
ALL,899051,2023,2023-02-16,7,0.125,1,0,0.6539463001574444,0.0005345754551000061,-0.0113363557385383,0.0009018246950732878,0.00835964471338347,-0.005161898513444892,0.0029903132236857987,-0.00550630909730878
MMM,66740,2023,2023-02-08,14,0.4117647058823529,4,4,0.9737663396904385,-0.011169235456767707,-0.010807040365540118,-0.016783590630447445,-0.019042057802855287,-0.028799544876951355,-0.0200896185014847,-0.016616040130879313
WFC,72971,2016,2016-02-24,0,1.0,0,0,1.0817157070829186,0.007601687883700172,0.014811556249243036,0.005214714275407581,-0.010531029223480926,-0.01972668593714066,-0.013520999926881109,-0.03126063770967745
WFC,72971,2017,2017-03-01,0,1.0,0,0,1.2218877912847566,-0.012893707197623677,-0.011724231032782303,-0.009863976158227577,0.005049413931914829,-0.004360849735834706,-0.003166169502353053,-0.003986078484686237
WFC,72971,2018,2018-03-01,0,1.0,0,0,1.372551343057949,-0.000867488680147549,0.0030271730796908244,0.004000301900767231,-0.0006879620112347339,-0.007665931298582127,-0.01909685165332721,-0.0344825424252427
WFC,72971,2019,2019-02-27,0,1.0,0,0,0.7638654070407045,-0.014738339644430175,-0.0016961858687723399,-0.0009422518176414555,0.00594571528481506,0.008930173519752326,0.008117646439585078,0.01397280784060045
WFC,72971,2020,2020-02-27,0,1.0,0,0,1.0443053985965767,0.006518770275859696,0.01073834702132482,-0.0045329945368142235,0.0012505816518960933,-0.027148887762873556,-0.033906941731477555,-0.04830284742061847
WFC,72971,2021,2021-02-23,0,1.0,0,0,1.261311168123654,0.017200447277513374,0.036086348890963654,0.03196766965410353,0.02914638380705717,0.044642803465015236,0.057922745573036664,0.024548461561059352
WFC,72971,2022,2022-02-22,0,1.0,0,0,0.9762906200153217,-0.006479523711748174,-0.022039913434026212,-0.025268456360542542,-0.022659657445453858,-0.03114003068946037,-0.07189353893195025,-0.06899786622871265
WFC,72971,2023,2023-02-21,0,1.0,0,0,0.8209862832559366,-0.01531419770223906,-0.02126369050947137,-0.01388286127668069,-0.024154068416112978,-0.029374853278175607,-0.028903000999914257,-0.013306903898032924
AMZN,1018724,2016,2016-01-29,7,0.5,0,9,1.3288138087761265,-0.015284547269704957,-0.033085037090149726,0.047321225134864676,-0.0634403276769607,-0.08578407427787808,-0.10073072444636028,-0.1484776590046365
AMZN,1018724,2017,2017-02-10,4,0.4285714285714285,1,3,1.2125493714559834,0.0064632242020123635,0.013642298763404916,0.007575088334710261,0.009816233255681038,0.014925688571722481,0.00984080690378503,0.011371993153422827
AMZN,1018724,2018,2018-02-02,5,0.5,1,6,1.7172456484057457,0.031152754514033237,0.03942632004095745,-0.002646174733678369,0.06136802534014099,0.09814883654717367,0.10930437181602475,0.09784959028100698
AMZN,1018724,2019,2019-02-01,7,0.5,1,7,2.06541531618471,-0.025706875477623275,-0.008064969909967995,0.0026292318700152258,-0.05485145378621553,-0.06505213982000445,-0.05924337062656854,-0.06593586202981824
AMZN,1018724,2020,2020-01-31,14,0.5,2,8,1.1784056230346103,0.003295300794445382,0.008225743771465652,0.01277526859372956,0.10717778742657166,0.09701717655948407,0.10320181029485112,0.08841970785250013
AMZN,1018724,2021,2021-02-03,4,0.8,3,5,1.3871698260376881,0.016425519510102744,0.03678213511044641,0.030101632267848025,0.009918086592712809,0.0014854600165890124,0.0010599240832517573,-0.019565301715903056
AMZN,1018724,2022,2022-02-04,0,1.0,0,1,1.1940783167245919,0.001411625317742157,-0.0073108636043287874,-0.05679221562772337,0.07070568189334436,0.07552898818076967,0.08741516650847707,0.0674098065524897
AMZN,1018724,2023,2023-02-03,4,0.5714285714285714,2,4,1.5478022526868245,0.004017952821790974,0.008794356984688908,0.06366096374868183,-0.0017705248496807657,0.00013352867254726349,-0.015869746303436086,-0.017559567882991876
BA,12927,2016,2016-02-10,3,0.5833333333333334,2,4,1.162054215791249,0.014987288090379412,0.010203859755875214,0.009544363984520025,-0.002086392867577936,-0.055515661467801514,-0.07644265299129789,-0.05973093579453728
BA,12927,2017,2017-02-08,3,0.4285714285714285,4,0,1.0582086939893218,-0.008786531312638384,0.002418943583326961,0.0169649891959475,0.0066472964636768855,0.001254076748858501,0.007387801186592629,0.01189856905132662
BA,12927,2018,2018-02-12,0,,0,0,1.14523537815261,0.024177613564319834,0.014043956105235476,0.007843721522054117,0.023910965683409304,0.016979619888812036,0.003705150483695095,0.02289469605757414
BA,12927,2019,2019-02-08,4,0.5,2,4,1.3757605935353672,0.025493735688252105,0.029577110444362488,0.030591516291436187,0.027390972360104102,0.021620838706121907,0.019703883660929462,0.013872593904773509
BA,12927,2020,2020-01-31,5,0.6,6,1,0.7383777866431273,-0.006496886058755735,0.012335510155781581,0.014985697890944978,0.012443658998291193,0.00045592415772715417,-0.003644323125251923,0.026706059840679128
BA,12927,2021,2021-02-01,2,0.3333333333333333,1,0,1.6597543817795248,0.0017207488336366816,0.0031781182658801137,0.017409415901246575,-0.0023647558612017033,0.0007770375557885623,0.030989981200489392,0.028278626044683525
BA,12927,2022,2022-01-31,8,0.5,4,4,1.3659456306012727,-0.04289951833909833,-0.0547194008084647,-0.08071953471598739,-0.060241298907024815,-0.031091639908424777,-0.0411356556222787,-0.014337015865740689
BA,12927,2023,2023-01-27,0,,0,0,1.111653414897194,0.00805067094971619,0.008179536578310049,-0.005921821385493714,-0.019911877559187663,-0.015387458364652565,-0.019587952830059922,-0.026548720775525964
AZO,866787,2016,2016-10-24,0,,0,0,0.4545562903161589,-0.005368354475549801,-0.009726204095161676,-0.008270615726376641,-0.0018538948096591817,-0.002802623981869207,0.00047190234431807466,-0.030780012774502406
AZO,866787,2017,2017-10-25,0,,0,0,0.6947675762014527,-0.00977644492020268,-0.006708039864521848,-0.011343522232987025,-0.003010555978317545,0.0037846506275285028,-0.012656582538116096,0.003565427050507459
AZO,866787,2018,2018-10-24,8,0.4,0,1,0.7868588425814982,-0.005924340996384108,0.010024918694014208,0.010533697341611713,0.024740333317685728,0.025628943577811637,0.041099421289423725,0.04971792736802855
AZO,866787,2019,2019-10-28,8,0.5833333333333334,0,4,0.8978075649489127,-0.008645680875418216,0.01646898124585224,0.017392414355410564,0.030181697266933302,0.026620446515679328,0.0261359491915867,0.025188727224074267
AZO,866787,2022,2022-10-24,11,0.5625,2,6,0.642269161482361,-0.00349669819339437,-0.0140534021326152,-0.011425191827459116,0.02741798608646729,0.027268445010939335,0.021715388312705565,0.06299830226006549
AZO,866787,2023,2023-10-24,0,,0,0,0.8824876466001905,-0.04234680844901302,-0.03323879913117307,-0.05269604665767718,-0.06472449835870467,-0.04287680216494284,-0.028031147434518875,-0.0242469228612536
TXN,97476,2016,2016-02-24,7,0.5,4,3,1.0871973191010138,-0.007235940974499315,-0.014386382179450968,-0.02328949653978076,-0.026307340389690743,-0.02775743113705399,-0.026321191533571226,-0.0270004212873206
TXN,97476,2017,2017-02-23,0,,0,0,1.1379337368422535,1.4019812046275806e-05,0.001458580779302498,0.005069817327191419,0.004623293006027585,0.005091316736495129,0.0018582328435413913,-0.0005536951693060981
TXN,97476,2018,2018-02-22,5,0.6923076923076923,1,6,1.3410694949039585,-0.0025867823396238596,0.012553570670348317,0.0018427130299010514,0.003016750045017882,0.01214876676220626,0.021799144117162376,0.02573066179068747
TXN,97476,2019,2019-02-22,2,0.75,2,0,1.3449788402020408,-0.006037914086186681,-0.002896963377683661,-0.010367676989281331,-0.01282802609771941,-0.006629341259064859,-0.013301121746994288,-0.0287005149364876
TXN,97476,2020,2020-02-20,4,0.5833333333333334,1,1,1.639147217874339,-0.006016872343355302,-0.008945258113491486,-0.0018112895165465857,-0.008789838122885706,-0.013961113968797699,-0.015768686290792595,0.008570929141587514
TXN,97476,2021,2021-02-05,12,0.5294117647058824,2,3,1.1668347147296847,-0.0034641847572347336,-0.04074107519127693,-0.034020135855017467,-0.053536153481442694,-0.03479596005651194,-0.04446878394352118,-0.0406437287511121
TXN,97476,2022,2022-02-04,4,0.6666666666666666,3,3,1.0452858913416825,0.0012498765147523367,0.03257592998838575,-0.008094524566780406,-0.039257549963827174,-0.045786738044231716,-0.03942303306428439,-0.032618993770537036
TXN,97476,2023,2023-02-03,0,1.0,1,2,1.1662257776353797,0.005249643202099422,0.019673840760903775,0.017786379073865113,0.016849145586014046,0.01801424842220397,0.018218923925943917,-0.007959195812537075
HON,773840,2016,2016-02-12,3,0.4,0,4,1.0822379013611958,0.013940057113839112,0.01137643963713183,0.01290940092790192,0.00912762096806265,0.003095159390755591,-0.006348430915616366,0.0002997195025636187
HON,773840,2017,2017-02-10,5,0.5833333333333334,1,6,0.9052055737427357,0.003830044285672974,0.002962400733690019,0.0050109446303778175,0.011315214231589526,0.021786525972816474,0.01842884600582533,0.01959276540574449
HON,773840,2018,2018-02-09,0,,0,0,0.811528441555128,-0.004815841759004276,-0.0033946172489822167,-0.010012733174256098,-0.007683209170023672,-0.008376521900853067,-0.017796615001067318,-0.017370881683711113
HON,773840,2019,2019-02-08,5,0.6923076923076923,0,8,0.8882040694402712,0.001039590123514244,0.004500440611624605,0.007095541880236511,0.00942490342752681,0.007231572288389101,0.008711734958117182,0.013492333633430262
HON,773840,2020,2020-02-14,6,0.375,1,5,1.4407657751286302,0.008151246147661018,0.010872431906835633,0.0067548751656586825,0.008813935293593776,0.004546515275092452,0.005730520640349896,0.009217006033433468
AXP,4962,2016,2016-02-19,6,0.3333333333333333,1,3,0.4468033712927668,0.005040137260488235,0.008105851121889971,0.02312138655637782,0.03663300621357597,0.050123892065662465,0.049110665088262416,0.04143158803496594
AXP,4962,2017,2017-02-17,2,0.4,0,4,0.9917287575920913,0.0013068743775403544,-0.0022247823130249495,-0.0032943642227643904,-0.0038428834476765105,-0.0075230538435313,-0.008351688662050617,-0.006250441806886553
AXP,4962,2018,2018-02-16,14,0.6875,3,4,0.9268802304843851,-0.004335801106381619,-0.0001592840552667122,-0.007202406255077554,-0.005334127258564163,0.004451685911361841,0.011551964247977203,0.009638348398832767
AXP,4962,2019,2019-02-13,0,,0,0,1.0670436297313899,-3.8360198034683574e-05,0.006541315946164753,0.007840472582197106,0.00951724240920483,0.001707930699233049,-0.0033142018239861095,-0.014606536192564155
AXP,4962,2020,2020-02-13,0,,0,0,1.3304251821932203,-0.005317221112950224,-0.0064091961648243875,-0.009847768464006985,0.0008217816197755457,0.009584407235281972,0.010668885207412765,0.01407174460678125
AXP,4962,2021,2021-02-12,3,0.5555555555555556,5,0,1.2588338644239057,-0.011949868280797641,0.00016242944303653493,-0.0020953778300820676,0.0017257037505143294,0.010808468741582835,-0.00297273011888707,0.004263785439664807
AXP,4962,2022,2022-02-11,5,0.4444444444444444,6,0,1.0803047418140992,0.02134474630392834,0.014758088026751135,0.026425867267171978,0.02519038674655446,0.031063258802806783,0.03989450272460245,0.04018014294616743
AXP,4962,2023,2023-02-10,2,0.6666666666666666,1,0,1.1900589847614305,-0.0020546216562192313,0.010980454855766417,0.022589881474975645,0.019150957837843114,0.01684132186740455,0.013021880966814614,0.004820373973468239
UPS,1090727,2016,2016-02-25,0,1.0,0,0,0.6742863295691663,-0.003423377963294557,-0.006639928442811286,-0.01147112351527069,-0.010596653757840196,-0.014106188807915903,-0.01972033148657244,-0.016533754433047675
UPS,1090727,2017,2017-02-21,1,0.6666666666666666,2,0,0.82376670132964,-0.003016702375918205,-0.010233148942610702,-0.014133284385192896,-0.010599171396675312,-0.028009972279716286,-0.03162914705826352,-0.020977820783917737
UPS,1090727,2018,2018-02-21,0,,0,0,0.9603126960180226,0.006182650662424608,-0.0025910990691331466,-0.011626888434082997,-0.0066800656675467295,-0.0024487288073977995,-0.010666426339661063,0.0038370523534316074
UPS,1090727,2019,2019-02-21,0,,0,0,1.0846091736356598,-0.019613210166043935,-0.022608596102962928,-0.021727168183167552,-0.01122562913324069,-0.030201805511480495,-0.017985920711458374,-0.014282815157400985
UPS,1090727,2020,2020-02-20,6,0.6666666666666666,4,2,1.2651006677051808,0.006839120262298756,0.015927663331006984,0.014763894343651208,0.017628403853044854,-0.001040338340099773,0.007914446236906115,0.0007937408888733753
UPS,1090727,2021,2021-02-22,8,0.5833333333333334,2,7,0.9418617481313584,-0.0014706573421051539,0.012646120989614783,0.007585108307979904,0.024231925450729927,0.02150901093210927,0.007224475621996124,0.01725209359829838
UPS,1090727,2022,2022-02-22,2,0.75,0,2,0.8082965232862072,-0.011003513447758122,-0.016980661708268334,-0.011246783573148643,-0.005808130252614075,-0.014463728712801851,-0.01599011981539989,-0.022329813622123336
UPS,1090727,2023,2023-02-21,4,0.6666666666666666,0,5,1.0404411164387979,-0.003714889822053967,0.0031243810916530613,0.0028204614155201567,-0.0012977681361392534,-0.010508753849108802,0.003802724002069916,0.016065072274440206
LMT,936468,2016,2016-02-24,1,0.5,0,2,0.5592358336191754,-0.003797220441854811,-0.006508492961197956,-0.00048306563808233737,0.002402043000244854,0.010702438534333841,0.004144770873998773,-0.0004530562779042676
LMT,936468,2017,2017-02-09,0,,0,0,0.47935293487242736,0.004757203660542501,0.00928525274654209,0.010258243902491844,0.012950962503403395,0.02020189655985543,0.024997665855062502,0.024053536910121343
LMT,936468,2018,2018-02-06,0,1.0,0,1,0.7101010574751238,0.007518767651754693,0.009330037289611886,-0.009412590240004976,-0.016727486962655237,0.009660065722769715,0.002276612783392914,0.015054452568064706
LMT,936468,2019,2019-02-08,9,0.5,2,3,0.8673283745690901,-0.0011904227109147086,0.0025489342585632555,0.011505317390582519,0.015815570128930777,0.01018888523041732,0.01333751873231412,0.012253494704455647
LMT,936468,2020,2020-02-07,2,0.8,0,3,0.5348202295246413,0.007607517595389093,0.012076638397065631,0.01859677344459063,0.02123392731769191,0.018188884311542024,0.015799628355217782,0.004209772429401518
LMT,936468,2021,2021-01-28,1,0.6666666666666666,2,1,0.6846212232738684,0.010860958858090169,-0.02261362025441137,0.0016875589069418294,-0.016593083750724175,-0.02130240769908092,-0.02440190461235603,-0.005395967247116898
LMT,936468,2022,2022-01-25,11,0.4666666666666667,3,10,0.39171273774637144,-0.0014933518221990419,-0.004130791768945522,-5.084939298707208e-06,0.04197115499549674,0.05391642836112159,0.05160198529052427,0.053291358412380654
LMT,936468,2023,2023-01-26,0,,0,0,0.45784136182195834,-0.010917697577869586,0.00660287898402049,0.016401561123604955,0.023069600307773316,0.020002407619407764,0.027076789650289784,0.024734246835200445
SBUX,829224,2016,2016-11-18,2,0.4,0,2,0.7135250021930948,0.006132028100858218,0.023120748197373194,0.027563841180457658,0.027436110801623934,0.028145037727773832,0.04449465143929926,0.05238510003041923
SBUX,829224,2017,2017-11-17,3,0.4,0,3,0.8744015328988871,0.008950700541556061,0.016015529396516372,0.01897009810577307,0.015951654534907853,0.013857592385360272,0.01765049017447066,0.0172026844899111
SBUX,829224,2018,2018-11-16,8,0.4615384615384615,1,3,0.5690762490944296,-0.007902717658144855,-0.005535064934901716,-0.004238039752201459,0.0013473632551149022,0.005896021841786036,0.004142883965965634,-0.006715550545470754
SBUX,829224,2019,2019-11-15,9,0.3333333333333333,0,9,0.8498870921973278,0.014490092239596627,0.021333493701319903,0.025425468553114918,0.0170871806747048,0.014394210796853373,0.009775077257157823,0.011264256236040085
SBUX,829224,2020,2020-11-12,0,,0,0,1.1132944168010654,0.045898869439198096,0.03081472999123372,0.03383137185319698,0.02875368442554071,0.03570341730488157,0.04524879952993466,0.05538066896068411
SBUX,829224,2021,2021-11-19,3,0.5,0,4,0.8690586427685894,0.00012168986310019843,0.006976389840949728,0.01053256172864474,-0.005343505655866257,0.006521249647468594,0.026295618140542938,0.027346805149356147
SBUX,829224,2022,2022-11-18,0,,0,0,1.0364291211211858,-0.00897161471923803,-0.009319091368829127,-0.008712915372518684,-0.005580356085361933,0.0003157958813909817,-0.014924546952325724,-0.012620119332071985
SBUX,829224,2023,2023-11-17,6,0.5714285714285714,0,3,1.0077357002622596,-0.0029866869645201223,-0.0010498447718640027,0.011087125069910104,-0.007731677060994644,-0.026999000718766347,-0.030014013788117026,-0.03668951713011506
HPQ,47217,2016,2016-12-15,6,0.5,1,4,1.5879248053094708,0.014659982405859782,0.004063574611296953,0.005250626172004405,-0.0076660451710103255,-0.036296837463221,-0.035784149147103386,-0.04608730219955155
HPQ,47217,2017,2017-12-15,3,0.8,0,0,1.3368153252273534,-0.010053636319150166,-0.01754789912727918,-0.01755171461191575,-0.020076778979979452,-0.011986991327119872,-0.0018961599699503836,-0.00046651370863298063
HPQ,47217,2018,2018-12-13,0,0.5,0,1,1.3809682452575398,8.791002126255749e-05,-0.015758172628165902,-0.01765579559718847,-0.026471283973446072,-0.015682963860820253,-0.013910297971649391,-0.01441505606070527
HPQ,47217,2019,2019-12-12,1,0.75,0,0,1.0850806804336646,0.0022817744265395037,-0.0007299528305100564,-0.009324017305529689,0.0009003902163107532,-0.002229850372692347,-0.0007355694360310474,-0.007824051978859652
HPQ,47217,2020,2020-12-10,9,0.375,1,11,1.049067852956613,-0.005001839334530636,-0.0090956312109249,-0.014127274934546684,-0.018786448328533233,-0.02004158178585603,-0.013314911372427865,-0.006525500354840326
HPQ,47217,2021,2021-12-09,0,,0,0,1.3094118978169202,-0.03291387011709068,-0.045598241535341755,-0.0677319035950099,-0.06982325305939452,-0.07108687418951305,-0.09068309789280889,-0.0724955301214478
HPQ,47217,2022,2022-12-06,11,0.2307692307692307,1,5,1.3152843896233197,-0.0045409040955782754,-0.009392427835561663,0.003443041278595108,-0.0071346017331621655,-0.01980012211593332,-0.0043828414690324745,-0.0022880016176800595
HPQ,47217,2023,2023-12-18,6,0.5555555555555556,2,3,0.7556842011674152,-0.014499117521499197,0.006523201817622379,0.003255393708678657,-0.016163558033609967,-0.020940672371398975,-0.025548068288305963,-0.02188358869858326
MET,1099219,2016,2016-02-25,1,0.5,0,0,1.1370873406257083,-0.01261544270054941,-0.01826472833481159,-0.019170501099235633,-0.008331901982004609,0.009436894007699665,0.00401134141310831,0.03321962834083129
MET,1099219,2017,2017-03-01,0,,0,0,1.0065044099251301,-0.02197741234547929,-0.022292874004292904,-0.023340133372383807,-0.0022985566764560823,-0.013504408776562822,0.010201965699454875,-0.003925750868563213
MET,1099219,2018,2018-03-01,7,0.4,2,7,1.0446940309927362,-0.00788509101132911,-0.000834197541679042,-0.010242149611075946,-0.00805518580015905,-0.018343824545581137,-0.008489725780939305,0.0027106879830700835
MET,1099219,2019,2019-02-22,3,0.5384615384615384,0,11,0.9864349473878311,-0.005137724593246755,-0.0004287861894361044,-0.0035233411173054745,-0.01039458845926176,-0.00025182384491023724,-0.012397733195556006,-0.00519852600603005
MET,1099219,2020,2020-02-21,7,0.6363636363636364,0,9,1.4024857838472913,-0.005816306350438782,-0.01378751893922182,-0.0006101846723213893,-0.006900990048478172,0.0015942197322738778,0.006546151982718722,0.00030482407233694067
MET,1099219,2021,2021-02-19,6,0.6,1,4,1.159552109250749,0.005903372589241208,-0.0035964416961224172,-0.0050465954861536174,0.009928980138799962,0.04404221535518531,0.043848956729797384,0.06633153257003503
MET,1099219,2022,2022-02-18,4,0.625,0,2,0.8545454902260436,0.00425572368781026,0.0022150479933942383,-0.00489973602312122,-0.0027520477741421355,-0.002852704874878935,-0.0018212708224695931,-0.04367540162520145
MET,1099219,2023,2023-02-23,6,1.0,1,2,0.7142285089881478,0.00234493001179613,-0.004299999584899437,-0.007256365085009739,-0.015402274357357113,0.008990385088896363,0.005063244634426687,0.005490195068514048
IBM,51143,2021,2021-02-23,0,,0,0,0.7432664406394204,0.01214802451815452,-0.003370018259603324,0.020434144833348464,0.021064627416792138,0.0342968181769919,0.048987009902510176,0.023859227639753323
MSFT,789019,2016,2016-07-28,5,0.6,0,3,1.1252255251355987,0.007306927122990872,0.006950904167660345,-0.0007635999134080491,-0.0013601364002467121,0.004972486285359857,0.0066747104357286905,0.015599403608530314
MSFT,789019,2021,2021-07-29,0,,0,0,1.0678507105860728,-0.004438403566768518,-0.007317955941609916,-0.01214292244635205,-0.016557957372399006,-0.016634543467522085,-0.01604646275324297,-0.015766093927398004
MSFT,789019,2022,2022-07-28,6,0.6,0,0,1.2179747444247273,-0.008622923766076799,-0.021301692766248468,0.014391686604479117,0.02746036270865277,0.026461859512779035,0.019035787138109456,0.013623256723712285
MRK,310158,2016,2016-02-26,6,0.375,0,2,0.8850135242613443,0.005541342557519571,0.0011829385566131017,-0.00025023268532660143,-0.007921773392689978,-0.011559470574215294,-0.001078395451763867,0.003585955931579848
MRK,310158,2017,2017-02-28,3,0.75,0,2,0.9383299007568413,0.009620020777479714,0.014095851219830882,0.007727961965512729,0.012582459912021516,0.005392821356197321,0.010058720032882511,0.0169300155042598
MRK,310158,2018,2018-02-27,2,0.6,0,1,0.6238860063870754,0.0016740125959680999,-0.000528017082274007,0.016365390371228496,0.0017382989267787086,0.0009301485246333424,-0.00048672560709601964,0.009584459394765944
MRK,310158,2019,2019-02-27,3,0.5714285714285714,1,2,0.7020571136854249,0.0055982152130473,-0.0018888593201140504,0.0019336309778417455,-0.0016122908944596233,0.0069801477073799,0.005438065654737029,0.003275490387077203
MRK,310158,2020,2020-02-26,7,0.6363636363636364,3,5,0.6330920483628062,0.005154299270952221,0.013770263936483656,0.020173246363554442,0.020252739174000493,0.023708244169775544,0.010430408576902972,0.04851622786921714
MRK,310158,2021,2021-02-25,0,,0,0,0.5680600166281943,0.015518879015363876,0.012738504051649537,0.008418934078752511,0.02590181515618045,0.002979946075100798,-0.01269668814172812,0.0006158811231766221
MRK,310158,2022,2022-02-25,5,0.625,0,3,0.16346817285265522,-0.003977175910593067,-0.002784229518873973,-0.03645002897545587,-0.0021540127278949564,0.0009989123226036138,7.6077234678149225e-06,0.0011115470547649244
MRK,310158,2023,2023-02-24,6,0.7272727272727273,0,2,0.23251246175989013,-0.0014730320225317226,-0.0026274364109972644,0.007219455935016515,0.0011312430937432047,-0.006585865319285745,-0.036637452670546064,-0.03416448525660037
MCD,63754,2016,2016-01-28,0,,0,0,0.7914593109315676,0.017072531756668795,0.01191182165145594,0.021032082210047022,0.026659615245013348,0.015791194205082924,0.019893527088726673,0.02756265607770529
MCD,63754,2017,2017-01-25,1,1.0,0,0,0.502539924448947,-0.001216362810650264,-0.0074986392003066685,-0.01447606665208943,-0.012472239746310856,-0.011204974417717398,-0.002410068663046364,0.0023886999992670235
MCD,63754,2018,2018-01-25,5,0.7857142857142857,12,1,0.5082315069668129,-0.003909577633369666,-0.0024022940661560725,-0.006412002668391431,-0.009627253452933365,0.00011459439012988758,-0.0002441181607140252,-0.02538532313719983
MCD,63754,2019,2019-01-25,14,0.3125,5,0,0.4079682241358635,0.014971039410388784,0.020913666170964712,0.024897131832716107,0.0012571004264125205,-2.4672855407001197e-05,-0.009195868986783963,-0.01900577974183624
MCD,63754,2020,2020-01-28,11,0.4117647058823529,0,2,0.5804130296840669,0.009533764523672415,0.005197471607317311,0.005584551738135237,0.005770638424109099,0.0264440950918991,0.03369472442273388,0.0338811356160926
MCD,63754,2021,2021-01-28,10,0.5,2,5,0.4957599939456549,-0.0013047112081096433,0.009793876591365748,-0.016751128861373643,-0.022133308748029185,-0.008368125357661644,-0.016400991196033783,-0.014461577693997783
MCD,63754,2022,2022-01-27,0,0.0,0,0,0.5234394421335604,-0.0068639740874117255,-0.012724009615489541,-0.014980242040312834,-0.0159988641105975,0.0009682591181156865,0.0015283668033984864,-0.005537615736178496
MCD,63754,2023,2023-01-26,0,,0,0,0.41644501120436855,-0.002738779915133678,-0.0017426711806301618,0.010394016712234867,0.011886763802585628,0.0017293130303361656,0.0008865498023761572,-0.018957307370188463
