cik,ticker,year_old,year_new,n_classified,risk_update_intensity,boilerplate_ratio,vagueness_ratio,n_added_total,similarity,added_ratio,risk_operational,risk_cyber,risk_regulatory,risk_supply_chain,risk_financing,risk_macroeconomic,risk_other,sector,company_name,roa,rev_growth,leverage,current_ratio,log_assets,roa_t1,rev_growth_t1,leverage_t1,current_ratio_t1,annual_ret,annual_ret_t1
14272,BMY,2015,2016,37,0.0,0.0,,41,0.5989,0.3203,0,0,0,0,0,0,0,Health Care,Bristol-Myers Squibb,0.1322277271783309,0.1731280193236715,0.169579019194826,1.5500508992195452,10.425460809904182,0.030014008524336,0.0694394399547022,0.2078924622216923,1.5532782599602637,-0.130566082102491,0.0771671990232279
14272,BMY,2016,2017,57,0.0,0.0,,71,0.2926,0.5182,0,0,0,0,0,0,0,Health Care,Bristol-Myers Squibb,0.030014008524336,0.0694394399547022,0.2078924622216923,1.5532782599602637,10.420821948214943,0.1406276796432858,0.0859164420485174,0.1613788372491854,1.6106626619110194,0.0771671990232279,-0.1290910839628899
14272,BMY,2017,2018,56,0.0,0.0,,68,0.0875,0.4277,0,0,0,0,0,0,0,Health Care,Bristol-Myers Squibb,0.1406276796432858,0.0859164420485174,0.1613788372491854,1.6106626619110194,10.46270326045021,0.0264652465677522,0.1588582066397765,0.3390614418518746,1.603693181818182,-0.1290910839628899,0.278628327401495
14272,BMY,2018,2019,90,0.0,0.0,,100,0.1924,0.4808,0,0,0,0,0,0,0,Health Care,Bristol-Myers Squibb,0.0264652465677522,0.1588582066397765,0.3390614418518746,1.603693181818182,11.774858867399232,-0.07606758897966788,0.5677850429199504,0.4149948092943172,1.5823899371069183,0.278628327401495,0.0039218141762601
14272,BMY,2019,2020,120,0.0,0.0,,138,0.0562,0.5974,0,0,0,0,0,0,0,Health Care,Bristol-Myers Squibb,-0.0760881491547167,0.6262382864792504,0.4149948092943172,1.5823899371069183,11.68250788914914,0.0639808258777466,0.0909497154146479,0.3703002360173445,1.5210353027254435,0.0039218141762601,0.0288692530567835
14272,BMY,2020,2021,137,59.679999999999836,0.2773722627737226,0.4525547445255474,153,0.0915,0.5258,34,4,62,12,9,14,2,Health Care,Bristol-Myers Squibb,0.0639808258777466,0.0909497154146479,0.3703002360173445,1.5210353027254435,11.60197975379374,0.0653480685808717,-0.0048722647407567,0.3750981202230944,1.2459113750571038,0.0288692530567835,0.1900103628715698
14272,BMY,2021,2022,114,59.679999999999836,0.3771929824561403,0.4912280701754385,127,0.1187,0.4006,32,6,40,11,11,12,2,Health Care,Bristol-Myers Squibb,0.0653480685808717,-0.0048722647407567,0.3750981202230944,1.2459113750571038,11.480608863493686,0.0843325381729526,-0.0249788773586949,0.4012547420632835,1.4270954990566884,0.1900103628715698,-0.2615215685641872
14272,BMY,2022,2023,90,59.679999999999836,0.3333333333333333,0.4444444444444444,107,0.4275,0.428,23,7,37,8,6,8,1,Health Care,Bristol-Myers Squibb,0.0843325381729526,-0.0249788773586949,0.4012547420632835,1.4270954990566884,11.463304455744613,-0.07606758897966788,0.0731902413011598,0.5288489573771908,1.2526289223521494,-0.2615215685641872,0.1578381178094026
97745,TMO,2015,2016,23,13.0,0.4347826086956521,0.5217391304347826,31,0.0456,0.1824,7,1,4,1,4,5,1,Health Care,Thermo Fisher Scientific,0.0440407340848445,0.0771393542150493,0.3348559603550618,1.4429281926918491,10.734383781393335,0.0392630891669166,0.1446801757678901,0.3330392277965025,1.3366912599318956,-0.0011692536833856,0.3502658651274976
97745,TMO,2016,2017,28,18.0,0.3571428571428571,0.3928571428571428,33,0.5936,0.2025,3,3,8,0,6,6,2,Health Care,Thermo Fisher Scientific,0.0392630891669166,0.1446801757678901,0.3330392277965025,1.3366912599318956,10.94498260298715,0.0522478304168445,0.1644516684195429,0.3151052781334471,1.728485440052058,0.3502658651274976,0.1821449244212878
97745,TMO,2017,2018,44,22.0,0.5,0.4545454545454545,53,0.5291,0.2896,15,3,15,1,4,5,1,Health Care,Thermo Fisher Scientific,0.0522478304168445,0.1644516684195429,0.3151052781334471,1.728485440052058,10.93724126885574,0.0633082681009232,0.0486082601198785,0.3022729997773248,1.9191544295626917,0.1821449244212878,0.4554890217814453
97745,TMO,2018,2019,30,14.0,0.5333333333333333,0.4666666666666667,39,0.2081,0.2021,4,4,11,1,2,6,2,Health Care,Thermo Fisher Scientific,0.0633082681009232,0.0486082601198785,0.3022729997773248,1.9191544295626917,10.974745773415224,0.0923217285523953,0.2613734241641219,0.2857701442391241,2.1309200310559007,0.4554890217814453,0.437118921934074
97745,TMO,2019,2020,48,25.0,0.4791666666666667,0.6041666666666666,53,0.6694,0.2524,8,1,12,8,5,9,5,Health Care,Thermo Fisher Scientific,0.0923217285523953,0.2613734241641219,0.2857701442391241,2.1309200310559007,11.14261512293644,0.0812106430621406,0.2170525793034949,0.3525540615834235,1.496948496576362,0.437118921934074,0.4353857038654434
97745,TMO,2020,2021,56,30.0,0.4642857142857143,0.4821428571428571,59,0.1638,0.2622,17,2,5,6,8,18,0,Health Care,Thermo Fisher Scientific,0.0812106430621406,0.2170525793034949,0.3525540615834235,1.496948496576362,11.462926069975811,0.0715359120571463,0.1454693835913392,0.3110731416102271,1.4831863609641387,0.4353857038654434,-0.1728579588044268
97745,TMO,2021,2022,61,32.0,0.4754098360655737,0.5901639344262295,72,0.4002,0.2988,21,3,21,1,7,8,0,Health Care,Thermo Fisher Scientific,0.0715359120571463,0.1454693835913392,0.3110731416102271,1.4831863609641387,11.484052627401113,0.0607236189048477,-0.045819881999332,0.3297206409659056,1.7548529831572937,-0.1728579588044268,-0.033575238495431
97745,TMO,2022,2023,48,23.0,0.5208333333333334,0.5,53,0.2981,0.2255,14,1,11,5,9,8,0,Health Care,Thermo Fisher Scientific,0.0607236189048477,-0.045819881999332,0.3297206409659056,1.7548529831572937,11.50010361525017,0.0650938646335323,0.0005133350444501,0.3113408205834301,1.6604410441044104,-0.033575238495431,-0.0172152000734577
100885,UNP,2022,2023,32,23.0,0.28125,0.5,34,0.706,0.3063,14,4,2,2,2,8,0,Industrials,Union Pacific Corp.,0.0950217481975808,-0.030391959798995,0.4826461300125126,0.8123775949862906,11.11441610942807,0.0996381894705752,0.005431402628633,0.4532526028206453,0.7653216596878569,0.2152124666438749,-0.0512860922634143
354950,HD,2015,2016,57,36.0,0.3684210526315789,0.4912280701754385,58,0.3447,0.4113,32,12,5,3,0,4,1,Consumer Discretionary,Home Depot,0.1851929432574593,0.0686406308250207,0.520155471768375,1.2540861812778603,10.668164384234997,0.1938062835455545,0.0666948570220413,0.5449706932560803,1.1691367173027047,0.0354306394281933,0.4461205886236221
354950,HD,2016,2017,63,33.0,0.4761904761904761,0.5714285714285714,65,0.2021,0.4545,29,12,10,5,0,4,3,Consumer Discretionary,Home Depot,0.1938062835455545,0.0666948570220413,0.5449706932560803,1.1691367173027047,10.703895941292874,0.2527327682203486,0.072336081820344,0.6092084630593368,1.1084589614740368,0.4461205886236221,-0.0731587718677767
354950,HD,2017,2018,84,43.0,0.4880952380952381,0.5714285714285714,92,0.3161,0.538,38,11,20,7,2,2,4,Consumer Discretionary,Home Depot,0.2527327682203486,0.072336081820344,0.6092084630593368,1.1084589614740368,10.692013092394305,0.2194160355999687,0.0186870974002568,0.6584432820672964,1.078095238095238,-0.0731587718677767,0.30543751564919
354950,HD,2018,2019,76,36.0,0.5263157894736842,0.631578947368421,80,0.41,0.4278,41,8,11,6,1,5,4,Consumer Discretionary,Home Depot,0.2194160355999687,0.0186870974002568,0.6584432820672964,1.078095238095238,10.844197688951027,0.182287017752653,0.1985484236788388,0.5834148000170017,1.2292583959250627,0.30543751564919,0.2454955021656159
354950,HD,2019,2020,79,52.0,0.3417721518987341,0.5189873417721519,84,0.6195,0.3925,30,6,14,11,6,8,4,Consumer Discretionary,Home Depot,0.182287017752653,0.1985484236788388,0.5834148000170017,1.2292583959250627,11.164516265448528,0.2286298625410429,0.1441753084550754,0.5837414435973065,1.012616317568745,0.2454955021656159,0.5949925661978716
354950,HD,2020,2021,153,59.679999999999836,0.4052287581699346,0.5098039215686274,161,0.2608,0.6122,79,18,15,12,9,18,2,Consumer Discretionary,Home Depot,0.2286298625410429,0.1441753084550754,0.5837414435973065,1.012616317568745,11.182697691046345,0.2237556413107463,0.0413212752303895,0.6303616979527765,1.4050627434011251,0.5949925661978716,-0.2198303517645005
354950,HD,2021,2022,125,3.0,0.016,0.4,127,0.2025,0.4792,1,0,1,1,0,2,0,Consumer Discretionary,Home Depot,0.2237556413107463,0.0413212752303895,0.6303616979527765,1.4050627434011251,11.244326806994714,0.1978701162942636,-0.0300756656480498,0.6510518750816673,1.3524869407222349,-0.2198303517645005,0.1277322412990494
354950,HD,2022,2023,138,0.0,0.0,,142,0.1222,0.5379,0,0,0,0,0,0,0,Consumer Discretionary,Home Depot,0.1978701162942636,-0.0300756656480498,0.6510518750816673,1.3524869407222349,11.245438099803966,0.154038223452179,0.044835559281845,0.5838387831750226,1.1054394473326123,0.1277322412990494,0.1498650446165009
40533,GE,2015,2016,37,3.0,0.3783783783783784,0.8235294117647058,46,0.6832,0.4,3,4,1,0,5,0,4,Industrials,General Electric,0.0898941348259917,-0.0036861673392862,0.0908980287174495,1.2024754787482486,10.400376510563246,0.0830907949552017,-0.0121200523075941,0.1135650288192661,1.3991907779219788,0.0458962565833976,-0.4216928290091151
40533,GE,2016,2017,23,0.0,0.1304347826086956,1.0,25,0.6784,0.2137,0,2,0,0,0,0,1,Industrials,General Electric,0.0830907949552017,-0.0121200523075941,0.1135650288192661,1.3991907779219788,10.464416763268364,0.0736654334038054,0.1685338843508863,0.2576418252290345,1.2340728679014858,-0.429222054065228,-0.4216928290091151
40533,GE,2017,2018,12,6.0,0.5,0.5833333333333334,15,0.7676,0.1293,2,4,1,1,2,1,1,Industrials,General Electric,0.0736654334038054,0.1685338843508863,0.2576418252290345,1.2340728679014858,10.723443579959769,0.0713335107798775,0.0872268118144392,0.2159660940603181,1.1773108743527172,-0.5538953300148183,0.5352409839792347
40533,GE,2018,2019,24,2.0,0.0833333333333333,0.25,28,0.8637,0.224,2,2,0,0,0,0,0,Industrials,General Electric,0.0713335107798775,0.0872268118144392,0.2159660940603181,1.1773108743527172,10.796325403035503,0.0617252670148904,-0.0362134688691232,0.2221680829500273,1.349473816086194,0.5352409839792347,-0.0272425550391646
40533,GE,2019,2020,17,0.0,0.0,,23,0.4325,0.1933,0,0,0,0,0,0,0,Industrials,General Electric,0.0617252670148904,-0.0362134688691232,0.2221680829500273,1.349473816086194,10.84560196441974,0.065045034249995,0.0143441001977586,0.2363149801290116,1.429889826870797,-0.0272425550391646,0.0968514042520913
40533,GE,2020,2021,23,0.0,0.1304347826086956,1.0,28,0.6951,0.2171,1,0,0,0,0,1,1,Industrials,General Electric,0.065045034249995,0.0143441001977586,0.2363149801290116,1.429889826870797,10.821237219646529,0.0657167781331782,0.0243832696456887,0.2049626829504701,1.3729874193338114,0.0968514042520913,-0.1091704789771538
40533,GE,2021,2022,21,0.0,0.0476190476190476,1.0,28,0.6495,0.209,0,0,0,0,0,0,1,Industrials,General Electric,0.0657167781331782,0.0243832696456887,0.2049626829504701,1.3729874193338114,10.850986211534476,0.0604816639299397,0.0727028192960641,0.1870279146141215,1.437134858812074,-0.1091704789771538,0.8870000731117467
40533,GE,2022,2023,54,9.0,0.0925925925925925,0.7142857142857143,64,0.6551,0.4539,2,0,4,0,1,2,5,Industrials,General Electric,0.0604816639299397,0.0727028192960641,0.1870279146141215,1.437134858812074,10.911627938040162,0.067680744452398,0.1287850113550341,0.1584645669291338,1.3681552962298025,0.9665824696715748,0.6530201639216928
60667,LOW,2015,2016,92,3.0,0.0978260869565217,0.5833333333333334,99,0.2191,0.6781,3,1,3,0,5,0,0,Consumer Discretionary,Lowe's Companies,0.0898337595907928,0.1006026339844941,0.4183329458265519,1.002171371304493,10.446044374463572,0.0976736278371256,0.0554008951504991,0.4410189566745062,1.0558862433862437,-0.0487548500572763,0.3325483120681812
60667,LOW,2016,2017,58,0.0,0.0,,59,0.3804,0.4214,0,0,0,0,0,0,0,Consumer Discretionary,Lowe's Companies,0.0976736278371256,0.0554008951504991,0.4410189566745062,1.0558862433862437,10.471383252907115,0.067056914338704,0.0392019702997712,0.417033731308682,0.9814444367800236,0.3325483120681812,0.0122441590920889
60667,LOW,2017,2018,47,4.0,0.0638297872340425,0.5714285714285714,52,0.2898,0.319,1,1,4,1,0,0,0,Consumer Discretionary,Lowe's Companies,0.067056914338704,0.0392019702997712,0.417033731308682,0.9814444367800236,10.448946460196469,0.1084593752375161,0.0117656957747269,0.5247143472422792,1.0089579765511791,0.0122441590920889,0.3224276084711308
60667,LOW,2018,2019,50,6.0,0.08,0.7,58,0.0211,0.3135,1,1,2,0,5,1,0,Consumer Discretionary,Lowe's Companies,0.1084593752375161,0.0117656957747269,0.5247143472422792,1.0089579765511791,10.583321504033949,0.124852893976677,0.2418500859344681,0.5254734139296031,1.191991457554725,0.3224276084711308,0.364100864663033
60667,LOW,2019,2020,46,3.0,0.0652173913043478,0.6666666666666666,48,0.5954,0.2759,2,0,0,0,1,2,1,Consumer Discretionary,Lowe's Companies,0.124852893976677,0.2418500859344681,0.5254734139296031,1.191991457554725,10.752248627616684,0.1891129032258064,0.0742547183499446,0.6245519713261649,1.0199308521456172,0.364100864663033,0.6333298369062799
60667,LOW,2020,2021,56,8.0,0.1428571428571428,0.6875,61,0.1318,0.3333,4,0,6,0,2,4,0,Consumer Discretionary,Lowe's Companies,0.1891129032258064,0.0742547183499446,0.6245519713261649,1.0199308521456172,10.706385597055192,0.1472728104694792,0.0084051948051948,0.8325249382264116,1.098969811900979,0.6333298369062799,-0.2149907624062366
60667,LOW,2021,2022,109,3.0,0.055045871559633,0.6666666666666666,115,0.2467,0.53,1,0,2,1,2,3,0,Consumer Discretionary,Lowe's Companies,0.1472728104694792,0.0084051948051948,0.7372043486979952,1.098969811900979,10.685286430690637,0.1848546476851298,-0.1100567695937522,0.9360210551501376,1.225012846865365,-0.2149907624062366,0.1404078336784676
60667,LOW,2022,2023,90,4.0,0.0666666666666666,0.6,92,0.3079,0.4144,1,0,3,1,2,3,0,Consumer Discretionary,Lowe's Companies,0.1848546476851298,-0.1100567695937522,0.7372043486979952,1.225012846865365,10.640531994133257,0.1614078233028629,-0.0312930525487108,0.8475012760428751,1.0853548008743403,0.1404078336784676,0.130244948610611
19617,JPM,2015,2016,135,5.0,0.074074074074074,0.6,151,0.0621,0.5412,10,0,4,0,1,0,0,Financials,JPMorgan Chase,0.0099290558063278,0.0496954981491064,0.1088912280025628,,14.728183553715466,0.0096467477107672,0.0736401039000436,0.1059843700663088,,0.3456585868827728,0.2673166790481817
19617,JPM,2016,2017,150,5.0,0.0333333333333333,0.6,173,0.1504,0.534,5,0,5,0,0,0,0,Financials,JPMorgan Chase,0.0096467477107672,0.0736401039000436,0.1059843700663088,,14.745151774206567,0.0123826897059788,0.1603298779734048,0.095189305602372,,0.2673166790481817,-0.0664592451833317
19617,JPM,2017,2018,361,0.0,0.002770083102493,1.0,415,0.0098,0.9742,1,0,0,0,0,0,0,Financials,JPMorgan Chase,0.0123826897059788,0.1603298779734048,0.095189305602372,,14.77965082127538,0.0135563312804036,0.0837823029860287,0.0973885707970479,,-0.0664592451833317,0.472674433950407
19617,JPM,2018,2019,269,2.0,0.0260223048327137,0.6666666666666666,292,0.1351,0.6046,1,0,8,0,0,0,0,Financials,JPMorgan Chase,0.0135563312804036,0.0837823029860287,0.0973885707970479,,14.804076927148664,0.0086031864069005,-0.0907093005294126,0.0777476313993416,,0.472674433950407,-0.0551745745315929
19617,JPM,2019,2020,148,2.0,0.0405405405405405,0.5,163,0.2606,0.3638,3,0,1,0,0,4,0,Financials,JPMorgan Chase,0.0086031864069005,-0.0907093005294126,0.0777476313993416,,15.035180810150004,0.0129112154263567,-0.0177679281561045,0.0765465129914864,,-0.0551745745315929,0.277251098879401
19617,JPM,2020,2021,231,6.0,0.0216450216450216,0.5454545454545454,249,0.3292,0.5082,6,0,3,0,0,2,0,Financials,JPMorgan Chase,0.0129112154263567,-0.0177679281561045,0.0765465129914864,,15.135549458182044,0.0102778618140988,0.2168991053599787,0.0741691384256888,,0.277251098879401,-0.1261086337123708
19617,JPM,2021,2022,178,0.0,0.0,,189,0.1311,0.4181,0,0,0,0,0,0,0,Financials,JPMorgan Chase,0.0102778618140988,0.2168991053599787,0.0741691384256888,,15.1145416012692,0.0127863161232938,0.5266357434492739,0.0901802733296984,,-0.1261086337123708,0.3062757048719586
19617,JPM,2022,2023,131,7.0,0.0305343511450381,0.5454545454545454,135,0.0304,0.3132,7,0,2,0,0,2,0,Financials,JPMorgan Chase,0.0127863161232938,0.5266357434492739,0.0901802733296984,,15.170157634981829,0.0146074736422926,0.1798138893238148,0.0922740851810751,,0.3062757048719586,0.4427011700762253
886982,GS,2015,2016,132,5.0,0.053030303030303,0.25,175,0.1339,0.4279,6,0,3,1,1,1,0,Financials,Goldman Sachs,0.0086006754518028,-0.0326747332414356,0.2295966471549063,,13.66487951029194,0.0046750787542431,0.1323956299150261,0.2482383919299807,,0.349064140918128,0.0773797552704155
886982,GS,2018,2019,123,1.0,0.016260162601626,0.3333333333333333,168,0.1666,0.3256,2,0,1,0,0,0,0,Financials,Goldman Sachs,0.0085259545121292,0.0296746104491292,0.2229820094907388,,13.808453716929002,0.0081330802009925,-0.0078632098215941,0.1962987993410304,,0.4046348027637614,0.174773518552689
886982,GS,2019,2020,169,7.0,0.0118343195266272,0.4444444444444444,205,0.0547,0.3853,3,0,2,0,0,4,0,Financials,Goldman Sachs,0.0081330802009925,-0.0078632098215941,0.1962987993410304,,13.966537506877367,0.014778126596666,0.214793076376687,0.1815274442140236,,0.174773518552689,0.4759019170884146
886982,GS,2020,2021,172,5.0,0.0406976744186046,0.5833333333333334,224,0.0839,0.3672,8,0,2,0,2,0,0,Financials,Goldman Sachs,0.014778126596666,0.214793076376687,0.1815274442140236,,14.19667477674849,0.0078103813360946,0.0572712305159335,0.1778326937388637,,0.4759019170884146,-0.0786443131445845
886982,GS,2021,2022,129,2.0,0.0542635658914728,0.7777777777777778,163,0.0936,0.2685,7,0,1,0,1,0,0,Financials,Goldman Sachs,0.0078103813360946,0.0572712305159335,0.1778326937388637,,14.181402197374902,0.005187640793034,0.5677850429199504,0.1523513122002151,,-0.0786443131445845,0.1591295004474799
886982,GS,2022,2023,186,1.0,0.0268817204301075,0.8333333333333334,242,0.2042,0.3591,6,0,0,0,0,0,0,Financials,Goldman Sachs,0.005187640793034,0.5778841815720919,0.1523513122002151,,14.311178278981147,0.0085180420675285,0.1700363408290135,0.1503193370772304,,0.1591295004474799,0.5202519523883892
731766,UNH,2015,2016,77,7.0,0.1298701298701298,0.7647058823529411,82,0.6236,0.3048,2,5,2,0,7,1,0,Health Care,UnitedHealth Group,0.0571370409575767,0.1765230066133272,0.2098933311619575,0.6878705433281898,11.71839372460443,0.0759251535330581,0.0882871672798095,0.2073595190496052,0.7348750569724353,0.3840619350619427,0.398258156342083
731766,UNH,2016,2017,38,0.0,0.0,,41,0.8045,0.1536,0,0,0,0,0,0,0,Health Care,UnitedHealth Group,0.0759251535330581,0.0882871672798095,0.2073595190496052,0.7348750569724353,11.842646391268554,0.0787407782106279,0.1247172634582594,0.2271762765978413,0.727170215565036,0.398258156342083,0.1452039686472129
731766,UNH,2017,2018,94,9.0,0.0531914893617021,0.5714285714285714,95,0.5534,0.3558,3,1,2,0,5,2,1,Health Care,UnitedHealth Group,0.0787407782106279,0.1247172634582594,0.2271762765978413,0.727170215565036,11.933088691238774,0.0795852526611804,0.0703125345308446,0.2116752641052625,0.6900715418730374,0.1452039686472129,0.1998773167216526
731766,UNH,2018,2019,70,6.0,0.0571428571428571,0.3,73,0.6928,0.2674,2,0,1,0,4,3,0,Health Care,UnitedHealth Group,0.0795852526611804,0.0703125345308446,0.2116752641052625,0.6900715418730374,12.066172443597605,0.078073283355889,0.0618859821188908,0.1958953616268519,0.7417564208782105,0.1998773167216526,0.2120426296833763
731766,UNH,2019,2020,41,0.0,0.024390243902439,1.0,43,0.7804,0.1575,0,0,0,0,1,0,0,Health Care,UnitedHealth Group,0.078073283355889,0.0618859821188908,0.1958953616268519,0.7417564208782105,12.192424937795549,0.0814538702958446,0.1184408554061779,0.1997257381977889,0.7888162264343739,0.2120426296833763,0.4521332423590343
731766,UNH,2020,2021,133,8.0,0.037593984962406,0.5384615384615384,138,0.3332,0.4585,0,3,10,0,0,0,0,Health Care,UnitedHealth Group,0.0814538702958446,0.1184408554061779,0.1997257381977889,0.7888162264343739,12.265312779974348,0.0818868154901202,0.1271397128620952,0.2218636169390122,0.7739950917220435,0.4521332423590343,0.0694715670440785
731766,UNH,2021,2022,74,7.0,0.0945945945945946,0.3571428571428571,78,0.7032,0.2557,1,3,10,0,0,0,0,Health Care,UnitedHealth Group,0.0818868154901202,0.1271397128620952,0.2218636169390122,0.7739950917220435,12.41188690832256,0.0817660382873008,0.1464082773428101,0.2128562034195528,0.7918610051083248,0.0694715670440785,0.0079482636258792
731766,UNH,2022,2023,94,9.0,0.0531914893617021,0.4285714285714285,98,0.2605,0.3322,3,0,11,0,0,0,0,Health Care,UnitedHealth Group,0.0817660382873008,0.1464082773428101,0.2128562034195528,0.7918610051083248,12.519860965066432,0.0482938735005598,0.0771106123964673,0.2425891282628957,0.8266341585637329,0.0079482636258792,-0.0241168833218837
858877,CSCO,2015,2016,59,0.0,0.0,,61,0.8995,0.1821,0,0,0,0,0,0,0,Information Technology,Cisco Systems,0.0882763949626804,0.0017493541628526,0.2012543977904185,3.1600096342981012,11.708919788684826,0.0740190112311081,-0.0252198103437772,0.1981620422437566,3.0345865206830296,0.1518897228895686,0.3127237832333763
858877,CSCO,2016,2017,53,8.0,0.0943396226415094,0.3846153846153846,54,0.9438,0.1636,4,2,3,0,3,1,0,Information Technology,Cisco Systems,0.0740190112311081,-0.0252198103437772,0.1981620422437566,3.0345865206830296,11.773888748522092,0.0010111781144285,0.0276012915321319,0.1868932931313428,2.287294248196782,0.3127237832333763,0.1656804689950461
858877,CSCO,2017,2018,47,2.0,0.1063829787234042,0.4285714285714285,48,0.9282,0.1437,0,2,0,0,4,1,0,Information Technology,Cisco Systems,0.0010111781144285,0.0276012915321319,0.1868932931313428,2.287294248196782,11.59711954376624,0.1188326362827605,0.0521792012973849,0.1480167292137474,1.5058968213925328,0.1656804689950461,0.1381849079832767
858877,CSCO,2018,2019,57,7.0,0.175438596491228,0.3529411764705882,58,0.8796,0.1796,3,5,3,0,3,1,2,Information Technology,Cisco Systems,0.1188326362827605,0.0521792012973849,0.1480167292137474,1.5058968213925328,11.490608278819195,0.1182250429612136,-0.0501502774352651,0.129031237810085,1.7201452765386285,0.1381849079832767,-0.0353366979958634
858877,CSCO,2019,2020,74,5.0,0.1216216216216216,0.2857142857142857,81,0.8492,0.2275,3,1,6,0,2,1,1,Information Technology,Cisco Systems,0.1182250429612136,-0.0501502774352651,0.129031237810085,1.7201452765386285,11.460083603750697,0.1086289834559012,0.0104866027058274,0.1010184928767039,1.4895837300529382,-0.0353366979958634,0.4575730296623338
858877,CSCO,2020,2021,136,10.0,0.0441176470588235,0.3125,151,0.1062,0.416,0,8,7,0,0,1,0,Information Technology,Cisco Systems,0.1086289834559012,0.0104866027058274,0.1010184928767039,1.4895837300529382,11.487576887281786,0.1256569009170017,0.0349070617046047,0.0972319737877917,1.4320202808112326,0.4575730296623338,-0.2245752000670733
858877,CSCO,2021,2022,94,12.0,0.0212765957446808,0.3571428571428571,99,0.1913,0.2612,0,4,10,0,0,0,0,Information Technology,Cisco Systems,0.1256569009170017,0.0349070617046047,0.0972319737877917,1.4320202808112326,11.451071337621542,0.1238365471468405,0.1055336811684155,0.0723108039115579,1.384522022421668,-0.2245752000670733,0.0930166895940997
858877,CSCO,2022,2023,74,9.0,0.0675675675675675,0.5714285714285714,79,0.499,0.2213,1,9,4,0,0,0,0,Information Technology,Cisco Systems,0.1238365471468405,0.1055336811684155,0.0723108039115579,1.384522022421668,11.531276058182822,0.0829495309975645,-0.0560545984069617,0.1649907967816868,0.9082889808791642,0.0930166895940997,0.2098950094185847
109198,TJX,2015,2016,1315,0.0,0.026615969581749,1.0,1562,0.0709,0.9243,5,0,9,0,0,0,21,Consumer Discretionary,TJX Companies,0.1783815778689033,0.0723480525312412,0.1865776795183535,1.6291161025513403,9.463726608135769,0.1855132463580384,0.0807901603869654,0.1744573469298475,1.6555781374712544,0.0735330289253349,0.0344793485960448
109198,TJX,2016,2017,764,0.0,0.0052356020942408,1.0,861,0.3439,0.5676,0,0,0,0,0,0,4,Consumer Discretionary,TJX Companies,0.1855132463580384,0.0807901603869654,0.1744573469298475,1.6555781374712544,9.55094797474339,0.2135831220221598,0.0866666421299806,0.172893270005247,1.5311244547918836,0.0344793485960448,0.189486590358496
109198,TJX,2017,2018,99,0.0,0.0,,116,0.0413,0.5156,0,0,0,0,0,0,0,Consumer Discretionary,TJX Companies,0.2135831220221598,0.0866666421299806,0.172893270005247,1.5311244547918836,9.569833371463844,0.1355225758307008,0.070408940727942,0.4163701284278159,1.2434006825218764,0.189486590358496,0.3877297059240022
109198,TJX,2018,2019,99,0.0,0.0,,111,0.0357,0.5139,0,0,0,0,0,0,0,Consumer Discretionary,TJX Companies,0.1355225758307008,0.070408940727942,0.4163701284278159,1.2434006825218764,10.091832722556962,0.002936045516332,-0.22955409942041502,0.4243631414810787,1.456851228675298,0.3877297059240022,0.1224737280460789
109198,TJX,2019,2020,71,8.0,0.0422535211267605,0.7272727272727273,77,0.5967,0.3305,2,0,4,0,3,2,0,Consumer Discretionary,TJX Companies,0.002936045516332,-0.2296430779248458,0.4243631414810787,1.456851228675298,10.335709969549804,0.115342474724942,0.5107209573823439,0.3840432559709344,1.2665666488984673,0.1224737280460789,0.1283752433179332
109198,TJX,2020,2021,150,3.0,0.0466666666666666,0.6,161,0.0533,0.6466,0,0,8,2,0,0,0,Consumer Discretionary,TJX Companies,0.115342474724942,0.5107209573823439,0.3840432559709344,1.2665666488984673,10.256306100127848,0.1233905957882112,0.0285482701105841,0.375110233165191,1.2087336244541484,0.1283752433179332,0.0673531199379982
109198,TJX,2021,2022,119,0.0,0.0,,123,0.3466,0.4767,0,0,0,0,0,0,0,Consumer Discretionary,TJX Companies,0.1233905957882112,0.0285482701105841,0.375110233165191,1.2087336244541484,10.25234703516517,0.1504017211819679,0.0857297340595963,0.3671630752680943,1.2117500717634675,0.0673531199379982,0.1968549109711146
109198,TJX,2022,2023,128,2.0,0.046875,0.625,132,0.1765,0.5077,2,0,5,0,1,0,0,Consumer Discretionary,TJX Companies,0.1504017211819679,0.0857297340595963,0.3671630752680943,1.2117500717634675,10.300483565552913,0.1532016756433273,0.0395263478244831,0.3509401870925068,1.180141715116279,0.1968549109711146,0.3055823047793756
318154,AMGN,2015,2016,190,8.0,0.0105263157894736,0.6,202,0.0613,0.6312,1,1,2,2,0,4,0,Health Care,Amgen Inc.,0.0994769793625847,0.0613516757455452,0.388954731662072,4.106569082470546,11.259657701600467,0.0247517322460414,-0.0061763298682092,0.4276208820071541,5.485144124168515,-0.0754787770051294,0.222486751308826
318154,AMGN,2016,2017,189,2.0,0.037037037037037,0.7777777777777778,213,0.5035,0.5884,2,2,1,0,3,1,0,Health Care,Amgen Inc.,0.0247517322460414,-0.0061763298682092,0.4276208820071541,5.485144124168515,11.289206748280122,0.126385208383522,0.0393015011597881,0.4443206456275596,2.788997627520759,0.222486751308826,0.1517143715450783
318154,AMGN,2017,2018,159,0.0,0.0,,183,0.3484,0.4399,0,0,0,0,0,0,0,Health Care,Amgen Inc.,0.126385208383522,0.0393015011597881,0.4443206456275596,2.788997627520759,11.10369327029282,0.1313413837573483,-0.0162125742199014,0.457869261560621,1.436696532917803,0.1517143715450783,0.2762175213520598
318154,AMGN,2018,2019,207,4.0,0.0144927536231884,0.7142857142857143,225,0.5305,0.4808,0,4,1,0,1,1,0,Health Care,Amgen Inc.,0.1313413837573483,-0.0162125742199014,0.457869261560621,1.436696532917803,10.997204545438429,0.115396835483256,0.0882629911822618,0.5274353434580924,1.814468377241912,0.2762175213520598,-0.0200011417109241
318154,AMGN,2019,2020,262,0.0,0.0076335877862595,1.0,293,0.5545,0.5602,0,0,0,0,2,0,0,Health Care,Amgen Inc.,0.115396835483256,0.0882629911822618,0.5274353434580924,1.814468377241912,11.050064267720757,0.0963459494809122,0.0218297671491503,0.5517371045532575,1.59102101116218,-0.0200011417109241,0.008743842673303
318154,AMGN,2020,2021,309,6.0,0.0097087378640776,0.5555555555555556,339,0.2268,0.506,0,0,1,0,4,4,0,Health Care,Amgen Inc.,0.0963459494809122,0.0218297671491503,0.5517371045532575,1.59102101116218,11.021330409481015,0.1006127055788455,0.0132414642595943,0.581886027548717,1.414292088990884,0.008743842673303,0.204279395894626
318154,AMGN,2021,2022,232,8.0,0.0172413793103448,0.6666666666666666,260,0.5144,0.3875,4,0,0,3,2,3,0,Health Care,Amgen Inc.,0.1006127055788455,0.0132414642595943,0.581886027548717,1.414292088990884,11.084002356823872,0.0691376577392593,0.0709265661208828,0.6573172489038022,1.64919530230535,0.204279395894626,0.1347256903499631
318154,AMGN,2022,2023,214,8.0,0.02803738317757,0.4285714285714285,230,0.5635,0.3538,3,0,0,1,4,6,0,Health Care,Amgen Inc.,0.0691376577392593,0.0709265661208828,0.6573172489038022,1.64919530230535,11.484052627401113,0.0445344570389485,0.1856686768357573,0.6230686309737693,1.256764362093597,0.1347256903499631,-0.0676089233137885
316709,SCHW,2015,2016,69,1.0,0.1159420289855072,0.8888888888888888,75,0.2035,0.4658,4,1,2,0,0,2,0,Financials,Charles Schwab,0.0084563283687657,0.1870525988173046,0.023486820394526868,,12.316643066034182,0.0096763320371268,0.1746198217094914,0.0158052237394871,,0.210160894446632,0.3115983201669441
316709,SCHW,2016,2017,52,4.0,0.1538461538461538,0.6666666666666666,61,0.3004,0.4067,6,0,1,0,4,1,0,Financials,Charles Schwab,0.0096763320371268,0.1746198217094914,0.023486820394526868,,12.401943659107287,0.0118287113551581,0.2264508928571429,0.0231717271200275,,0.3115983201669441,-0.1842674875852782
316709,SCHW,2017,2018,105,1.0,0.0380952380952381,1.0,124,0.0807,0.8267,2,0,0,0,1,2,0,Financials,Charles Schwab,0.0118287113551581,0.2264508928571429,0.023486820394526868,,12.599741787314027,0.0125984251968503,0.0724360724360724,0.0251016139181306,,-0.1842674875852782,0.1636064613531443
316709,SCHW,2018,2019,38,0.0,0.0,,41,0.6725,0.2595,0,0,0,0,0,0,0,Financials,Charles Schwab,0.0125984251968503,0.0724360724360724,0.0251016139181306,,12.591352052978923,0.0060090089597802,0.0274925753075943,0.0234331313330018,,0.1636064613531443,0.1358608082182603
316709,SCHW,2019,2020,78,0.0,0.0,,82,0.2162,0.3886,0,0,0,0,0,0,0,Financials,Charles Schwab,0.0060090089597802,0.0274925753075943,0.023486820394526868,,13.21587011379992,0.0087745590240832,0.5677850429199504,0.0282344478247186,,0.1358608082182603,0.6021306622169932
316709,SCHW,2020,2021,122,2.0,0.0,0.1704807692307692,132,0.0851,0.5617,0,0,1,0,1,0,0,Financials,Charles Schwab,0.0087745590240832,0.5687505161450161,0.0282344478247186,,13.410950040590516,0.0130180581834525,0.1742998526005474,0.0380428872795285,,0.6021306622169932,0.0010285518956199
316709,SCHW,2021,2022,54,11.0,0.0555555555555555,0.4285714285714285,57,0.8197,0.2365,8,0,1,0,3,2,0,Financials,Charles Schwab,0.0130180581834525,0.1742998526005474,0.0380428872795285,,13.220890196455018,0.0102741809245343,0.1440803335275922,0.0473135460219231,,0.0010285518956199,-0.1596413071671578
316709,SCHW,2022,2023,59,0.0,0.0,,60,0.6029,0.2521,0,0,0,0,0,0,0,Financials,Charles Schwab,0.0102741809245343,0.1440803335275922,0.0473135460219231,,13.108625442626971,0.0123832170105638,0.0187296736021316,0.0437538945029936,,-0.1596413071671578,0.0916239070525411
1800,ABT,2015,2016,20,0.0,0.0,,25,0.8204,0.1773,0,0,0,0,0,0,0,Health Care,Abbott Laboratories,0.0265826149698097,0.0219554030874784,0.3926821858504538,4.020420420420421,10.87172536503303,0.006255737704918,0.31348007480938,0.3568524590163934,2.2606597845601435,-0.1231557416195804,0.5200411075878439
1800,ABT,2016,2017,51,2.0,0.1764705882352941,0.7272727272727273,59,0.4187,0.396,0,0,1,1,1,5,3,Health Care,Abbott Laboratories,0.006255737704918,0.31348007480938,0.3568524590163934,2.2606597845601435,11.241772694469658,0.0352522590921947,0.1163928441036874,0.2881961502389353,1.623612960497115,0.5200411075878439,0.2903691965114946
1800,ABT,2017,2018,18,0.0,0.0,,20,0.6201,0.1504,0,0,0,0,0,0,0,Health Care,Abbott Laboratories,0.0352522590921947,0.1163928441036874,0.2881961502389353,1.623612960497115,11.115026660059447,0.0543108400724733,0.043364510432337,0.256543962761648,1.442235110006444,0.2903691965114946,0.2209567064916215
1800,ABT,2018,2019,20,0.0,0.0,,23,0.8489,0.1704,0,0,0,0,0,0,0,Health Care,Abbott Laboratories,0.0543108400724733,0.043364510432337,0.256543962761648,1.442235110006444,11.125599837189853,0.0619589788829464,0.084754262788365,0.2678088989358769,1.716721256403796,0.2209567064916215,0.2800262781195949
1800,ABT,2019,2020,62,0.0,0.032258064516129,1.0,70,0.1537,0.6195,0,0,0,0,0,0,2,Health Care,Abbott Laboratories,0.0619589788829464,0.084754262788365,0.2678088989358769,1.716721256403796,11.192003690737314,0.0940342571413373,0.2446544151641239,0.2427256768977073,1.8495993895459748,0.2800262781195949,0.305413740679342
1800,ABT,2020,2021,0,0.0,,,3835,0.015,0.9793,0,0,0,0,0,0,0,Health Care,Abbott Laboratories,0.0940342571413373,0.2446544151641239,0.2427256768977073,1.8495993895459748,11.227853317033851,0.0931379134313119,0.0134184561810795,0.2077567908863752,1.6285105558783652,0.305413740679342,-0.2068824476110143
1800,ABT,2021,2022,0,0.0,,,631,0.1473,0.4275,0,0,0,0,0,0,0,Health Care,Abbott Laboratories,0.0931379134313119,0.0134184561810795,0.2077567908863752,1.6285105558783652,11.217721843119596,0.0781681099243314,-0.0811857146129704,0.1987051656786953,1.6378874358789104,-0.2068824476110143,0.0226400590277339
1800,ABT,2022,2023,79,0.0,0.0,,84,0.0436,0.497,0,0,0,0,0,0,0,Health Care,Abbott Laboratories,0.0781681099243314,-0.0811857146129704,0.1987051656786953,1.6378874358789104,11.201141938492748,0.1646154224089223,0.0458999227106136,0.166077087478812,1.6709754891573074,0.0226400590277339,0.0482919180857869
70858,BAC,2015,2016,186,4.0,0.010752688172043,0.5,211,0.199,0.4648,0,0,4,0,0,1,1,Financials,Bank of America,0.0081848441881024,0.0065122077028885,0.0790139607679656,,14.598362235807713,0.0079921656436823,0.0721210309410433,0.0812476931345052,,0.3333307591726017,0.35666773873577
70858,BAC,2016,2017,211,7.0,0.0189573459715639,0.3636363636363636,249,0.1127,0.5804,9,0,1,0,0,1,0,Financials,Bank of America,0.0079921656436823,0.0721210309410433,0.0812476931345052,,14.640227082589712,0.0119545195660917,0.1085075236264776,0.0812760378287259,,0.35666773873577,-0.1497480721146264
70858,BAC,2017,2018,166,5.0,0.0060240963855421,0.6666666666666666,182,0.1474,0.4184,2,0,3,0,1,0,0,Financials,Bank of America,0.0119545195660917,0.1085075236264776,0.0812760378287259,,14.671841921691694,0.0112691494400962,0.0204468480770441,0.0931761048018573,,-0.1497480721146264,0.4616366324650939
70858,BAC,2018,2019,223,2.0,0.0044843049327354,0.3333333333333333,241,0.4968,0.5117,1,0,2,0,0,0,0,Financials,Bank of America,0.0112691494400962,0.0204468480770441,0.0931761048018573,,14.70507900886403,0.0063462294835451,-0.1746295856112828,0.0897480411416119,,0.4616366324650939,-0.116224573514174
70858,BAC,2019,2020,243,3.0,0.0,0.6666666666666666,277,0.3256,0.5496,0,0,2,0,1,0,0,Financials,Bank of America,0.0063462294835451,-0.1746295856112828,0.0897480411416119,,14.852115164662369,0.0100893044475539,0.0010452998837371,0.0880487270054062,,-0.116224573514174,0.4957321890599597
70858,BAC,2020,2021,292,9.0,0.0102739726027397,0.6666666666666666,325,0.165,0.619,5,0,2,0,1,4,0,Financials,Bank of America,0.0100893044475539,0.0010452998837371,0.0880487270054062,,14.969082827169224,0.0090215066978001,0.2259112849090578,0.0885010855761746,,0.4957321890599597,-0.238094080050501
70858,BAC,2021,2022,275,11.0,0.0145454545454545,0.3333333333333333,295,0.2378,0.5194,9,0,3,0,1,2,0,Financials,Bank of America,0.0090215066978001,0.2259112849090578,0.0885010855761746,,14.931102866667068,0.0083376544069762,0.508104960322634,0.0896966842140514,,-0.238094080050501,0.0482140278472338
70858,BAC,2022,2023,309,6.0,0.0097087378640776,0.5555555555555556,340,0.0213,0.6925,4,0,4,0,1,0,0,Financials,Bank of America,0.0083376544069762,0.508104960322634,0.0896966842140514,,14.972439237905746,0.0083188232231668,0.1090529761630318,0.0817861248087164,,0.0482140278472338,0.3385943573069221
723254,CVS,2015,2016,17,0.0,0.0,,17,0.7956,0.1382,0,0,0,0,0,0,0,Health Care,CVS Health,0.0702372876204859,0.0851955107963418,0.4048218768487755,1.7283234234011169,8.831135963440289,0.1210922802891661,0.2166388240856702,0.3643620331309155,2.5493512335391704,-0.17834564291185,-0.0574638275311655
723254,CVS,2016,2017,21,0.0,0.0476190476190476,1.0,22,0.7898,0.1732,0,0,0,0,1,0,0,Health Care,CVS Health,0.1210922802891661,0.2166388240856702,0.3643620331309155,2.5493512335391704,8.84767811120329,0.1190024502928867,0.0641801170731948,0.3412158573295384,1.9829871077639831,-0.0574638275311655,-0.0703134617683554
723254,CVS,2017,2018,18,0.0,0.0,,21,0.8948,0.1533,0,0,0,0,0,0,0,Health Care,CVS Health,0.1190024502928867,0.0641801170731948,0.3412158573295384,1.9829871077639831,8.914177371236981,0.1142177490275277,0.0279756998495277,0.3471238486626592,2.609254458057264,-0.0703134617683554,0.1726440312031238
723254,CVS,2018,2019,12,1.0,0.9166666666666666,0.75,13,0.8078,0.0977,4,0,3,2,1,2,0,Health Care,CVS Health,0.1142177490275277,0.0279756998495277,0.3471238486626592,2.609254458057264,8.945056900767803,0.1348782170018707,0.0044064179576353,0.2153265889044841,1.4701055020849654,0.1726440312031238,-0.0514933829086082
723254,CVS,2019,2020,35,1.0,0.4,0.6,38,0.6992,0.2714,3,5,2,1,3,1,0,Health Care,CVS Health,0.1348782170018707,0.0044064179576353,0.2153265889044841,1.4701055020849654,9.016369990304396,0.1516776936922075,0.1037217165003359,0.3207209887598966,1.8368353467467844,-0.0514933829086082,0.5487084062775
723254,CVS,2020,2021,26,4.0,0.0769230769230769,0.3333333333333333,28,0.5146,0.1972,1,0,5,0,0,0,0,Health Care,CVS Health,0.1516776936922075,0.1037217165003359,0.3207209887598966,1.8368353467467844,9.00543646242651,0.1577292123099014,0.1223903517734321,0.3071113583379864,2.3888706422928276,0.5487084062775,-0.0761076766013902
723254,CVS,2021,2022,32,9.0,0.09375,0.75,34,0.8058,0.2179,4,0,6,0,2,0,0,Health Care,CVS Health,0.1577292123099014,0.1223903517734321,0.3071113583379864,2.3888706422928276,9.053260272251862,0.171406191224015,0.0885737818220961,0.2369725560014994,1.7419600233850454,-0.0761076766013902,-0.1254123328886685
723254,CVS,2022,2023,20,0.0,0.0,,23,0.6315,0.1494,0,0,0,0,0,0,0,Health Care,CVS Health,0.171406191224015,0.0885737818220961,0.2369725560014994,1.7419600233850454,9.123563549294722,0.1844515569643533,0.0774821121822644,0.2650048991164695,2.089489097611313,-0.1254123328886685,-0.4075509076733916
200406,JNJ,2015,2016,1,0.0,1.0,1.0,1,0.9874,0.3333,0,0,0,0,0,0,1,Health Care,Johnson & Johnson,0.1171321738145147,0.0259154607985843,0.1589286725964534,2.473922471183475,11.857989259660116,0.0082643051944336,0.0634302406454305,0.1950058167994253,1.4110095949176409,0.1532230776405964,0.2440465054559658
200406,JNJ,2016,2017,102,0.0,0.0196078431372549,1.0,117,0.0291,0.9915,0,2,0,0,0,0,0,Health Care,Johnson & Johnson,0.0082643051944336,0.0634302406454305,0.1950058167994253,1.4110095949176409,11.965929160701757,0.1000104606613753,0.0671157619359057,0.1809955934463956,1.4739993595901375,0.2440465054559658,-0.0513644358583433
200406,JNJ,2017,2018,31,7.0,0.1290322580645161,0.3636363636363636,36,0.8384,0.2903,3,2,2,3,0,1,0,Health Care,Johnson & Johnson,0.1000104606613753,0.0671157619359057,0.1809955934463956,1.4739993595901375,11.937892501574447,0.0958548894299046,0.0058592074134908,0.1725121728545343,1.2588699810922033,-0.0513644358583433,0.1621075524087191
200406,JNJ,2018,2019,33,8.0,0.1515151515151515,0.4615384615384615,37,0.7455,0.2803,0,2,1,8,0,2,0,Health Care,Johnson & Johnson,0.0958548894299046,0.0058592074134908,0.1725121728545343,1.2588699810922033,11.968627309505104,0.0841309593239333,0.0063978357035792,0.1865987398081123,1.205775068834867,0.1621075524087191,0.1085158885508592
200406,JNJ,2019,2020,19,0.0,0.0,,21,0.8478,0.1533,0,0,0,0,0,0,0,Health Care,Johnson & Johnson,0.0841309593239333,0.0063978357035792,0.1865987398081123,1.205775068834867,12.071935355100928,0.1147029414673274,0.1355105105105105,0.1647364546363546,1.3483173395834254,0.1085158885508592,0.1144862195157825
200406,JNJ,2020,2021,77,14.0,0.0389610389610389,0.2941176470588235,78,0.3934,0.4699,6,6,2,1,0,2,0,Health Care,Johnson & Johnson,0.1147029414673274,0.1355105105105105,0.1647364546363546,1.3483173395834254,12.111860862267442,0.095747633126621,0.012455345241269,0.1434960347532794,0.9908963836421634,0.1144862195157825,0.0596756152122078
200406,JNJ,2021,2022,88,4.0,0.0454545454545454,0.75,98,0.7598,0.4949,0,4,4,0,0,0,0,Health Care,Johnson & Johnson,0.095747633126621,0.012455345241269,0.1434960347532794,0.9908963836421634,12.140883245950512,0.2097960109335274,-0.1030513044668907,0.1544599481970422,1.1558489261483946,0.0596756152122078,-0.0860391536721641
200406,JNJ,2022,2023,53,11.0,0.0377358490566037,0.6153846153846154,55,0.8131,0.2535,1,4,5,1,1,1,0,Health Care,Johnson & Johnson,0.2097960109335274,-0.1030513044668907,0.1544599481970422,1.1558489261483946,12.02908483896682,0.078099320392662,0.0430019140666282,0.1701850042197841,1.1107291190556627,-0.0860391536721641,-0.0479832855132625
32604,EMR,2015,2016,23,1.0,0.0869565217391304,0.6666666666666666,24,0.2277,0.4,0,3,0,0,0,0,0,Industrials,Emerson Electric,0.0751966150025295,-0.3489060258249641,0.1868187462631651,1.2437562437562435,9.987047145635058,0.0774924702639236,0.0510948905109489,0.1936801266016642,1.6356788899900891,0.2100316800753993,0.2903933874424875
32604,EMR,2016,2017,16,6.0,0.625,0.875,19,0.8256,0.3016,3,1,1,2,5,4,0,Industrials,Emerson Electric,0.0774924702639236,0.0510948905109489,0.1936801266016642,1.6356788899900891,9.8827234631834,0.1080431584109857,0.1404612159329139,0.1538499264345267,1.0738157040882543,0.2903933874424875,-0.1190740222438026
32604,EMR,2017,2018,33,6.0,0.2121212121212121,0.5384615384615384,36,0.6025,0.4615,5,7,1,0,0,0,0,Industrials,Emerson Electric,0.1080431584109857,0.1404612159329139,0.1538499264345267,1.0738157040882543,9.922799863568502,0.1125042689174025,0.0553768382352941,0.2086646826364833,1.194611780455154,-0.1190740222438026,0.3155534712537781
32604,EMR,2018,2019,17,3.0,0.8235294117647058,0.4705882352941176,17,0.8299,0.2073,3,2,9,1,1,1,0,Industrials,Emerson Electric,0.1125042689174025,0.0553768382352941,0.2086646826364833,1.194611780455154,9.928033812954128,0.0858753605454068,-0.0863814500326584,0.2927628703784634,1.5222126188418323,0.3155534712537781,0.086006975382404
32604,EMR,2019,2020,33,11.0,0.0606060606060606,0.5384615384615384,37,0.4104,0.3776,3,0,6,0,1,3,0,Industrials,Emerson Electric,0.0858753605454068,-0.0863814500326584,0.2927628703784634,1.5222126188418323,10.03810585426089,0.0931822779688448,0.0864462317545426,0.2511025692899049,1.3499839897534422,0.086006975382404,0.1817624120428086
32604,EMR,2020,2021,25,3.0,0.08,0.8,28,0.6416,0.2593,1,0,1,1,0,1,1,Industrials,Emerson Electric,0.0931822779688448,0.0864462317545426,0.2511025692899049,1.3499839897534422,10.11516562574106,0.0905752410854451,0.0763873656503619,0.2412816775061673,1.0937379452230938,0.1817624120428086,0.0574174919842061
32604,EMR,2021,2022,29,7.0,0.0689655172413793,0.6666666666666666,30,0.5695,0.2679,5,0,4,0,0,0,0,Industrials,Emerson Electric,0.0905752410854451,0.0763873656503619,0.2412816775061673,1.0937379452230938,10.482121346307313,0.30844079090580434,-0.2274186153140761,0.1874795302484443,2.7462241653418125,0.0574174919842061,0.0376000445219897
32604,EMR,2022,2023,26,3.0,0.1153846153846153,0.6666666666666666,26,0.6338,0.2364,1,0,3,0,0,2,0,Industrials,Emerson Electric,0.3092453095026435,-0.2274186153140761,0.1874795302484443,2.7462241653418125,10.663030902735755,0.0444785969353161,0.153445433564128,0.1732585996474257,1.7749912922326716,0.0376000445219897,0.2975037721857382
320193,AAPL,2015,2016,31,6.0,0.1612903225806451,0.4545454545454545,43,0.2286,0.1558,2,1,4,2,1,1,0,Information Technology,Apple Inc.,0.1420235882195681,-0.0796867980232334,0.2344739901643217,1.352669417512594,12.681331193473806,0.1288264116658096,0.06575356477026,0.2589983454075066,1.2760628484139107,0.1248098284395966,0.4847457315174908
320193,AAPL,2016,2017,59,0.0,0.0,,61,0.8048,0.2218,0,0,0,0,0,0,0,Information Technology,Apple Inc.,0.1288264116658096,0.06575356477026,0.2589983454075066,1.2760628484139107,12.835531610007385,0.1627753093171098,0.1575900608112235,0.2562991318613712,1.1238426916297295,0.4847457315174908,-0.0539147277751502
320193,AAPL,2017,2018,128,5.0,0.0234375,0.75,139,0.2801,0.4826,1,0,1,1,4,1,0,Information Technology,Apple Inc.,0.1627753093171098,0.1575900608112235,0.2562991318613712,1.1238426916297295,12.809636963846287,0.1632300984296163,-0.0195395671524236,0.2712043153056281,1.540125617208044,-0.0539147277751502,0.8870000731117467
320193,AAPL,2018,2019,91,5.0,0.0659340659340659,0.7272727272727273,101,0.3727,0.3582,3,0,1,1,5,1,0,Information Technology,Apple Inc.,0.1632300984296163,-0.0195395671524236,0.2712043153056281,1.540125617208044,12.732326637573385,0.1772557180259843,0.0551208037697847,0.3305123993479227,1.3636044481554577,0.8896625238851401,0.8231012545503383
320193,AAPL,2019,2020,75,8.0,0.0933333333333333,0.4666666666666667,80,0.4955,0.2623,4,0,3,3,2,3,0,Information Technology,Apple Inc.,0.1772557180259843,0.0551208037697847,0.3305123993479227,1.3636044481554577,12.688153056001358,0.2697420527518361,0.332593847330747,0.3401148711403354,1.0745531195957954,0.8231012545503383,0.346473139732959
320193,AAPL,2020,2021,172,4.0,0.0465116279069767,0.6666666666666666,180,0.0571,0.5521,0,0,3,2,0,7,0,Information Technology,Apple Inc.,0.2697420527518361,0.332593847330747,0.3401148711403354,1.0745531195957954,12.768547200437467,0.2829244092925685,0.0779378760418461,0.3110005527915975,0.8793560286267226,0.346473139732959,-0.2640376366071972
320193,AAPL,2021,2022,79,0.0,0.0,,87,0.037,0.2536,0,0,0,0,0,0,0,Information Technology,Apple Inc.,0.2829244092925685,0.0779378760418461,0.3110005527915975,0.8793560286267226,12.773529043959044,0.2750983456377647,-0.0280046053031993,0.302192675199882,0.9880116717592976,-0.2640376366071972,0.4900448571443106
320193,AAPL,2022,2023,78,0.0,0.0,,84,0.1728,0.2593,0,0,0,0,0,0,0,Information Technology,Apple Inc.,0.2750983456377647,-0.0280046053031993,0.302192675199882,0.9880116717592976,12.77304133451078,0.2568250315085758,0.0202199407751411,0.2645295632637405,0.8673125765340832,0.4900448571443106,0.3070489903821282
50863,INTC,2015,2016,36,10.0,0.1666666666666666,0.625,41,0.7274,0.1925,5,2,6,1,2,0,0,Information Technology,Intel Corp.,0.0910286163050288,0.072838948604462,0.182207240992879,1.7489902472662793,11.638032724009816,0.0778992121639932,0.0568137807937765,0.2031416076398186,1.6933585902072212,0.0878266430519996,0.3084157797961872
50863,INTC,2016,2017,54,12.0,0.037037037037037,0.4285714285714285,66,0.4202,0.2895,9,0,1,3,1,0,0,Information Technology,Intel Corp.,0.0778992121639932,0.0568137807937765,0.2031416076398186,1.6933585902072212,11.721961978281758,0.1645241202535108,0.1288539060881757,0.1961348202214702,1.7314447251293157,0.3084157797961872,0.0421263038647767
78003,PFE,2015,2016,207,3.0,0.0193236714975845,0.8571428571428571,230,0.0882,0.6037,4,0,1,0,0,1,1,Health Care,Pfizer Inc.,0.0420417795647233,0.0813289390186484,0.1829560353115986,1.2517756708982806,12.053008874803156,0.1240301052986955,-0.0052627593518097,0.1952187756480031,1.3521543366089328,0.0446288740009044,0.1588258420776267
78003,PFE,2016,2017,122,1.0,0.0081967213114754,1.0,137,0.6514,0.4295,1,0,0,0,0,0,1,Health Care,Pfizer Inc.,0.1240301052986955,-0.0052627593518097,0.1952187756480031,1.3521543366089328,12.054068826214518,0.0699589768037033,0.020953069691318,0.206426967419804,1.5671416912549438,0.1588258420776267,0.2481918748568482
78003,PFE,2017,2018,121,0.0,0.0082644628099173,1.0,144,0.6877,0.4034,0,0,0,0,0,0,1,Health Care,Pfizer Inc.,0.0699589768037033,0.020953069691318,0.206426967419804,1.5671416912549438,11.979310053380576,0.0971586193720184,-0.0353607843868249,0.2209279415364591,0.8793426978340124,0.2481918748568482,-0.0691887385989344
78003,PFE,2018,2019,203,2.0,0.0049261083743842,0.3333333333333333,240,0.61,0.5505,2,0,0,0,0,0,1,Health Care,Pfizer Inc.,0.0971586193720184,-0.0353607843868249,0.2209279415364591,0.8793426978340124,12.02867295644899,0.0623488448994676,-0.1901835748792271,0.2479883809140952,1.3528935185185185,-0.0691887385989344,0.0227814201912493
78003,PFE,2019,2020,175,8.0,0.04,0.8,214,0.6195,0.4612,2,0,2,0,3,3,5,Health Care,Pfizer Inc.,0.0623488448994676,-0.1901835748792271,0.2479883809140952,1.3528935185185185,11.946193789873778,0.1211124336000352,0.5677850429199504,0.2132788908726222,1.3989126104380023,0.0227814201912493,0.6673976889789257
78003,PFE,2020,2021,197,3.0,0.0710659898477157,0.5294117647058824,229,0.1619,0.8035,8,0,1,0,2,2,4,Health Care,Pfizer Inc.,0.1211124336000352,0.939677388565429,0.2132788908726222,1.3989126104380023,12.108878692538742,0.1590831875459547,0.2342535183544927,0.1799244441063867,1.216455455883051,0.6673976889789257,-0.1042443535541216
78003,PFE,2021,2022,122,1.0,0.0081967213114754,0.5,132,0.6071,0.4314,0,0,2,0,0,0,0,Health Care,Pfizer Inc.,0.1590831875459547,0.2342535183544927,0.1799244441063867,1.216455455883051,12.191999075798812,0.009355367084472,-0.22955409942041502,0.2832879325036092,0.90666192409089,-0.1042443535541216,-0.4122452454757344
78003,PFE,2022,2023,124,1.0,0.0241935483870967,0.75,135,0.6592,0.4299,2,0,1,0,0,0,1,Health Care,Pfizer Inc.,0.009355367084472,-0.382079138841822,0.2832879325036092,0.90666192409089,12.330504638906516,0.0376342574368779,0.0138718627008194,0.2797193949277399,1.1712524712175834,-0.4122452454757344,-0.022379930137103
804328,QCOM,2015,2016,148,7.0,0.0067567567567567,0.625,158,0.402,0.5267,0,0,7,1,0,0,0,Information Technology,Qualcomm Inc.,0.1089593002158177,-0.0683121711957596,0.191141924024523,3.143345643550814,10.865879121292949,0.0376569037656903,-0.0137131697376241,0.296215985096051,3.996791051618227,0.3511240468490672,0.0203451512173823
804328,QCOM,2016,2017,179,0.0,0.0,,184,0.5305,0.514,0,0,0,0,0,0,0,Information Technology,Qualcomm Inc.,0.0376569037656903,-0.0137131697376241,0.296215985096051,3.996791051618227,11.08959165831958,-0.07606758897966788,-0.0214799190736515,0.4700789328764608,1.5471698113207548,0.0203451512173823,-0.0759242606836625
804328,QCOM,2017,2018,140,0.0,0.0,,151,0.4785,0.4092,0,0,0,0,0,0,0,Information Technology,Qualcomm Inc.,-0.1488098880254543,-0.0214799190736515,0.4700789328764608,1.5471698113207548,10.394702130653004,0.1330825014412719,-0.1399788843920464,0.4077130806808872,1.876329043088976,-0.0759242606836625,0.6067070437697666
804328,QCOM,2018,2019,252,10.0,0.0079365079365079,0.25,266,0.1005,0.6394,3,5,0,0,2,2,0,Information Technology,Qualcomm Inc.,0.1330825014412719,-0.1399788843920464,0.4077130806808872,1.876329043088976,10.402958960463414,0.1460358487385514,0.1115601023017902,0.438191830083722,2.1354935424354244,0.6067070437697666,0.770039173362017
804328,QCOM,2019,2020,268,6.0,0.0074626865671641,0.25,283,0.0263,0.6803,1,0,7,0,0,0,0,Information Technology,Qualcomm Inc.,0.1460358487385514,0.1115601023017902,0.438191830083722,2.1354935424354244,10.479932363309931,0.2192774005819592,0.5446136855183838,0.3426042677012609,1.6797757509831812,0.770039173362017,0.222798722980995
804328,QCOM,2020,2021,191,10.0,0.0052356020942408,0.2727272727272727,195,0.2678,0.4493,0,0,9,0,1,0,1,Information Technology,Qualcomm Inc.,0.2192774005819592,0.5446136855183838,0.3426042677012609,1.6797757509831812,10.627163938130897,0.2639245929734362,0.3168086754453911,0.287876933121149,1.7465026125063206,0.222798722980995,-0.3860984846610319
804328,QCOM,2021,2022,173,9.0,0.0231213872832369,0.4615384615384615,177,0.6171,0.3986,0,0,10,0,1,2,0,Information Technology,Qualcomm Inc.,0.2639245929734362,0.3168086754453911,0.287876933121149,1.7465026125063206,10.799861250569924,0.141692789968652,-0.1895927601809954,0.2949647335423197,2.333194848358953,-0.3860984846610319,0.3506698150817288
804328,QCOM,2022,2023,123,3.0,0.0,0.6666666666666666,127,0.7705,0.2779,0,0,3,0,0,0,0,Information Technology,Qualcomm Inc.,0.141692789968652,-0.1895927601809954,0.2949647335423197,2.333194848358953,10.840364918018672,0.1838851216593538,0.087716359575656,0.2534358342096675,2.402037319116527,0.3506698150817288,0.0833181165573668
37996,F,2015,2016,8,5.0,0.375,0.625,8,0.6224,0.5,0,0,8,0,0,0,0,Consumer Discretionary,Ford Motor Co.,0.0193149009670058,0.0149908396742401,0.392101735231203,1.2013712741329847,12.379820049103987,0.0294870601377769,0.0327799736495388,0.3982265872277043,1.2251797040169132,-0.0790285157344739,0.0872654925374868
37996,F,2016,2017,0,0.0,,,0,0.3036,0.0,0,0,0,0,0,0,0,Consumer Discretionary,Ford Motor Co.,0.0294870601377769,0.0327799736495388,0.3982265872277043,1.2251797040169132,12.45997040081335,0.0143330474779761,0.0227203143338265,0.3926093396741248,1.1996463288304784,0.0872654925374868,-0.3429421661267495
37996,F,2017,2018,26,5.0,0.0384615384615384,0.5,30,0.0224,1.0,0,0,6,0,0,0,0,Consumer Discretionary,Ford Motor Co.,0.0143330474779761,0.0227203143338265,0.3926093396741248,1.1996463288304784,12.455039876853842,0.0001817921612767,-0.0276790280532375,0.3961057798303531,1.1621795133086048,-0.3429421661267495,0.2961261525333015
37996,F,2018,2019,1,0.0,1.0,1.0,1,0.2178,0.3333,0,0,1,0,0,0,0,Consumer Discretionary,Ford Motor Co.,0.0001817921612767,-0.0276790280532375,0.3961057798303531,1.1621795133086048,12.462794096150288,-0.0047855841293716,-0.1844515715202053,0.4165665772409742,1.2011688204790518,0.2961261525333015,-0.0388392882256183
37996,F,2019,2020,10,6.0,0.4,0.4,11,0.3575,0.7857,0,1,9,0,0,0,0,Consumer Discretionary,Ford Motor Co.,-0.0047855841293716,-0.1844515715202053,0.4165665772409742,1.2011688204790518,12.495980988002826,0.0697842706246231,0.0723353048511923,0.3479992997062657,1.2013623287444752,-0.0388392882256183,0.8870000731117467
37996,F,2020,2021,2,0.0,1.0,1.0,2,0.5318,0.25,0,0,2,0,0,0,0,Consumer Discretionary,Ford Motor Co.,0.0697842706246231,0.0723353048511923,0.3479992997062657,1.2013623287444752,12.456967541375208,-0.0077417892482531,0.1592771066663731,0.3513545200168826,1.20244461420932,1.3750061649864194,-0.4216928290091151
37996,F,2021,2022,6,6.0,0.0,0.5,6,0.6451,0.4286,1,1,4,0,0,0,0,Consumer Discretionary,Ford Motor Co.,-0.0077417892482531,0.1592771066663731,0.3513545200168826,1.20244461420932,12.452479495769545,0.0159050162818777,0.1147307616872395,0.3693864110350883,1.1964917118909495,-0.4219040297090485,0.1578746461146069
37996,F,2022,2023,0,0.0,,,0,0.6451,0.0,0,0,0,0,0,0,0,Consumer Discretionary,Ford Motor Co.,0.0159050162818777,0.1147307616872395,0.3693864110350883,1.1964917118909495,12.518361961074795,0.0206138936029958,0.0499514731172421,0.3694126144826715,1.1648433917592342,0.1578746461146069,-0.131503614418937
320187,NKE,2015,2016,66,0.0,0.0909090909090909,0.5,69,0.461,0.2233,1,0,0,0,2,1,2,Consumer Discretionary,Nike Inc.,0.1822950255814953,0.0609710896960711,0.1492325551399458,2.934051881622214,10.054447432887068,0.0857738729144479,0.0595924308588065,0.1538871139510117,2.505629139072848,-0.177064369101779,0.2470210448964843
320187,NKE,2016,2017,85,1.0,0.0470588235294117,0.6,93,0.2093,0.2862,4,0,0,0,0,1,0,Consumer Discretionary,Nike Inc.,0.0857738729144479,0.0595924308588065,0.1538871139510117,2.505629139072848,10.022869309556208,0.1698781464772104,0.074731433909388,0.1460555719526078,2.1008136282735825,0.2470210448964843,0.1985580282310417
320187,NKE,2017,2018,96,1.0,0.15625,0.6875,112,0.5231,0.3304,5,0,7,0,0,0,4,Consumer Discretionary,Nike Inc.,0.1698781464772104,0.074731433909388,0.1460555719526078,2.1008136282735825,10.073947369564896,0.0810095080084232,-0.0438172661502671,0.3930508582732436,2.4814099468855626,0.1985580282310417,0.3810103433997135
320187,NKE,2018,2019,70,0.0,0.1428571428571428,0.6,83,0.2209,0.2399,1,0,2,0,1,1,5,Consumer Discretionary,Nike Inc.,0.0810095080084232,-0.0438172661502671,0.3930508582732436,2.4814099468855626,10.35271433008316,0.1517488076311605,0.1907600994572627,0.3270800211976682,2.717696919578251,0.3810103433997135,0.4095937663264611
320187,NKE,2019,2020,137,12.0,0.0364963503649635,0.5882352941176471,144,0.196,0.3799,6,0,5,0,2,0,4,Consumer Discretionary,Nike Inc.,0.1517488076311605,0.1907600994572627,0.3270800211976682,2.717696919578251,10.53847581892254,0.149946677909774,0.0487673447393237,0.2900969718012946,2.6293569431500465,0.4095937663264611,0.1869832402134101
320187,NKE,2020,2021,91,5.0,0.0659340659340659,0.3636363636363636,95,0.1156,0.25,3,0,0,3,2,0,3,Consumer Discretionary,Nike Inc.,0.149946677909774,0.0487673447393237,0.2900969718012946,2.6293569431500465,10.604627704024995,0.1350883269830273,0.0964889745236565,0.3120886733633529,2.7227744165946413,0.1869832402134101,-0.2903691003451828
320187,NKE,2021,2022,95,5.0,0.1052631578947368,0.4666666666666667,97,0.3343,0.2443,3,1,6,1,1,0,3,Consumer Discretionary,Nike Inc.,0.1350883269830273,0.0964889745236565,0.3120886733633529,2.7227744165946413,10.532922537124472,0.1495670427709262,0.002831091239237,0.2747048018892679,2.3961106391012934,-0.2903691003451828,-0.0604344345183608
320187,NKE,2022,2023,96,7.0,0.09375,0.6875,99,0.0668,0.2506,6,0,5,0,4,1,0,Consumer Discretionary,Nike Inc.,0.1495670427709262,0.002831091239237,0.2747048018892679,2.3961106391012934,10.548231993867908,0.0880013122283277,-0.0983801253845255,0.2873506656824954,2.2110543251940187,-0.0604344345183608,-0.2909924683488692
277948,CSX,2015,2016,22,1.0,0.0454545454545454,1.0,25,0.2685,0.2577,2,0,0,0,0,0,0,Industrials,CSX Corp.,0.0483989382729993,-0.0628227923122513,0.3095386005534534,1.2191176470588236,10.474862501166164,0.153082067209491,0.0306260728159726,0.3298917149332662,1.0110876451953537,0.4208114905135608,0.5543054767883451
277948,CSX,2016,2017,16,9.0,0.4375,0.625,18,0.1475,0.1765,7,0,5,0,2,2,0,Industrials,CSX Corp.,0.153082067209491,0.0306260728159726,0.3298917149332662,1.0110876451953537,10.483997808467471,0.0900922976394674,0.0738078541374473,0.401290533366005,1.3394255874673628,0.5543054767883451,0.144728918094299
277948,CSX,2017,2018,25,3.0,0.08,0.6,28,0.6223,0.2745,3,0,0,1,0,1,0,Industrials,CSX Corp.,0.0900922976394674,0.0738078541374473,0.401290533366005,1.3394255874673628,10.511321912742025,0.0870690331181221,-0.0255510204081632,0.4309276733669655,1.5239423523942353,0.144728918094299,0.1803995845715772
277948,CSX,2018,2019,13,5.0,0.6153846153846154,0.5384615384615384,17,0.3288,0.1753,7,0,3,0,1,2,0,Industrials,CSX Corp.,0.0870690331181221,-0.0255510204081632,0.4309276733669655,1.5239423523942353,10.552081829046976,0.0694845827155529,-0.1134288347155901,0.4211544744050461,2.199603764239723,0.1803995845715772,0.271110375801556
277948,CSX,2019,2020,16,12.0,0.25,0.75,19,0.4748,0.1939,6,0,5,2,1,1,1,Industrials,CSX Corp.,0.0694845827155529,-0.1134288347155901,0.4211544744050461,2.199603764239723,10.59144629640695,0.0932866201179344,0.1832183690824909,0.4111174162986356,1.734437975817286,0.271110375801556,0.2570547541144556
277948,CSX,2020,2021,23,2.0,0.0434782608695652,0.3333333333333333,23,0.2753,0.219,1,0,0,2,0,0,0,Industrials,CSX Corp.,0.0932866201179344,0.1832183690824909,0.4111174162986356,1.734437975817286,10.609822392399646,0.0993987402175987,0.1861523718255868,0.4386333269707959,1.557668959935249,0.2570547541144556,-0.1658877319714817
277948,CSX,2021,2022,29,4.0,0.1724137931034483,0.6666666666666666,33,0.4246,0.2895,3,0,2,2,0,2,0,Industrials,CSX Corp.,0.0993987402175987,0.1861523718255868,0.4386333269707959,1.557668959935249,10.643327461088056,0.0876013959630258,-0.0131959873426243,0.4354367100547066,1.0496277915632757,-0.1658877319714817,0.1350568028665147
277948,CSX,2022,2023,18,0.0,0.0,,19,0.8438,0.1652,0,0,0,0,0,0,0,Industrials,CSX Corp.,0.0876013959630258,-0.0131959873426243,0.4354367100547066,1.0496277915632757,10.655092302667642,0.0811430174913478,-0.0079825339428259,0.4298709194649705,0.8608058608058609,0.1350568028665147,-0.0565740912621271
899051,ALL,2015,2016,114,4.0,0.087719298245614,0.2857142857142857,125,0.0853,0.4864,2,3,2,3,2,2,0,Financials,Allstate Corp.,0.0172820182303655,0.0227028251146463,0.0584384494982045,,11.595518763274082,0.0283663339915674,0.0472209920283437,0.0549180765330629,,0.2170868789414133,0.436220435238601
899051,ALL,2016,2017,117,0.0,0.0,,129,0.3633,0.4108,0,0,0,0,0,0,0,Financials,Allstate Corp.,0.0283663339915674,0.0472209920283437,0.0549180765330629,,11.630014926826568,0.0200625395326461,0.040439816038484,0.0546463665600584,,0.436220435238601,-0.1952143297489509
899051,ALL,2017,2018,212,9.0,0.0141509433962264,0.5833333333333334,242,0.0559,0.6817,11,0,0,0,1,0,0,Financials,Allstate Corp.,0.0200625395326461,0.040439816038484,0.0546463665600584,,11.62847489687885,0.0404085035431429,0.1349202316837718,0.0601667361400583,,-0.1952143297489509,0.3881481678175335
899051,ALL,2018,2019,185,2.0,0.0162162162162162,0.6,205,0.1085,0.5151,4,0,0,0,1,0,0,Financials,Allstate Corp.,0.0404085035431429,0.1349202316837718,0.0601667361400583,,11.69483026826784,0.0442585346107138,0.0025965304980413,0.0641812250470286,,0.3881481678175335,-0.0011712788349947
899051,ALL,2019,2020,139,0.0,0.0,,154,0.048,0.7778,0,0,0,0,0,0,0,Financials,Allstate Corp.,0.0442585346107138,0.0025965304980413,0.0641812250470286,,11.743934006007574,0.0160800482703137,0.1294233216494384,0.084885358004827,,-0.0011712788349947,0.0987680069864198
899051,ALL,2020,2021,59,0.0,0.0,,63,0.1182,0.3088,0,0,0,0,0,0,0,Financials,Allstate Corp.,0.0160800482703137,0.1294233216494384,0.084885358004827,,11.507309726184593,-0.0133834233388119,0.0146477425476396,0.077146094715028,,0.0987680069864198,0.1834192604360335
899051,ALL,2021,2022,50,4.0,0.12,0.6,58,0.1997,0.2857,1,1,4,1,1,1,1,Financials,Allstate Corp.,-0.0133834233388119,0.0146477425476396,0.077146094715028,,11.492283885852364,-0.0018188502544455,0.1123146759142006,0.0760143960062692,,0.1834192604360335,0.0633737632636734
899051,ALL,2022,2023,68,7.0,0.0147058823529411,0.1704807692307692,74,0.1306,0.3426,4,0,0,3,1,0,0,Financials,Allstate Corp.,-0.0018188502544455,0.1123146759142006,0.0760143960062692,,11.545992668674424,0.0418126271087737,0.1228150068308404,0.0691650913391329,,0.0633737632636734,0.4060426114001072
66740,MMM,2022,2023,97,14.0,0.0309278350515463,0.4117647058823529,104,0.3689,0.7647,8,0,4,0,4,0,1,Industrials,3M Co.,-0.1382957690786872,-0.0828829355225101,0.2705021747726374,1.0707328234294309,10.831311520223956,0.1046704123607906,-0.22955409942041502,0.2903832647737533,1.4111584932480454,-0.0332904655682075,0.446013673631184
72971,WFC,2015,2016,1,0.0,1.0,1.0,1,0.9956,0.5,0,0,0,0,0,0,1,Financials,Wells Fargo,0.0113661621198736,0.0386413870469717,0.1168489960442771,,14.473090144598151,0.0113656566877946,0.0349046111728976,0.0948857875237542,,0.0466608805595677,0.1319426023139771
72971,WFC,2016,2017,1,0.0,1.0,1.0,1,0.9956,0.5,0,0,0,0,0,0,1,Financials,Wells Fargo,0.0113656566877946,0.0349046111728976,0.0948857875237542,,14.48424055050102,0.01181138287542,0.0421798793089196,0.0962596320553536,,0.1319426023139771,-0.218243357571995
72971,WFC,2017,2018,1,0.0,1.0,1.0,1,0.9956,0.5,0,0,0,0,0,0,1,Financials,Wells Fargo,0.01181138287542,0.0421798793089196,0.0962596320553536,,14.455195251032274,0.0101418636562899,0.0158143131928056,0.1005636674439899,,-0.218243357571995,0.2140568448770534
72971,WFC,2018,2019,1,0.0,1.0,1.0,1,0.9778,0.5,0,0,0,0,0,0,1,Financials,Wells Fargo,0.0101418636562899,0.0158143131928056,0.1005636674439899,,14.47176291838347,0.0016883502807694,-0.2161966950699345,0.0954575142839753,,0.2140568448770534,-0.4166240122107132
72971,WFC,2019,2020,1,0.0,1.0,1.0,1,0.9422,0.5,0,0,0,0,0,0,1,Financials,Wells Fargo,0.0016883502807694,-0.2161966950699345,0.0954575142839753,,14.4859841238851,0.0110612155222507,0.017795101054755,0.0766882880885061,,-0.4166240122107132,0.6112170851033274
72971,WFC,2020,2021,1,0.0,1.0,1.0,1,0.9911,0.5,0,0,0,0,0,0,1,Financials,Wells Fargo,0.0110612155222507,0.017795101054755,0.0766882880885061,,14.482348670172897,0.0070079148715375,0.0137889688249399,0.0844373466254407,,0.6112170851033274,-0.1188371498364199
72971,WFC,2021,2022,1,0.0,1.0,1.0,1,0.9868,0.5,0,0,0,0,0,0,1,Financials,Wells Fargo,0.0070079148715375,0.0137889688249399,0.0844373466254407,,14.44732261436076,0.0099054680336233,0.3920032826850432,0.0939467044214962,,-0.1188371498364199,0.2293380544063489
72971,WFC,2022,2023,1,0.0,1.0,1.0,1,0.9868,0.5,0,0,0,0,0,0,1,Financials,Wells Fargo,0.0099054680336233,0.3920032826850432,0.0939467044214962,,14.474308500445035,0.0102194735846661,0.0871943818276399,0.0825594801655055,,0.2293380544063489,0.4647878083740848
1018724,AMZN,2015,2016,30,7.0,0.1,0.5,31,0.8674,0.1623,0,1,9,0,0,0,0,Consumer Discretionary,Amazon.com Inc.,0.02842857485432,0.2708352802646581,0.182405697705091,1.044846631367537,11.33142756887465,0.0230980123372172,0.3079632611940848,0.2888279643591501,1.039977195376881,0.1094543578658432,0.5595682042158172
1018724,AMZN,2016,2017,27,4.0,0.1111111111111111,0.4285714285714285,28,0.9475,0.1466,2,1,3,0,1,0,0,Consumer Discretionary,Amazon.com Inc.,0.0230980123372172,0.3079632611940848,0.2888279643591501,1.039977195376881,11.785316218853051,0.0619312871968914,0.3093396152159491,0.244620284294919,1.098112324721089,0.5595682042158172,0.2843281990941258
1018724,AMZN,2017,2018,30,5.0,0.1666666666666666,0.5,37,0.9025,0.1832,3,0,6,0,1,0,0,Consumer Discretionary,Amazon.com Inc.,0.0619312871968914,0.3093396152159491,0.244620284294919,1.098112324721089,11.999343635484058,0.0514455178292371,0.2045412582067698,0.2806018255434011,1.0970482394205805,0.2843281990941258,0.2302680834400718
1018724,AMZN,2018,2019,52,7.0,0.0961538461538461,0.5,57,0.6794,0.3,3,1,7,0,1,0,0,Consumer Discretionary,Amazon.com Inc.,0.0514455178292371,0.2045412582067698,0.2806018255434011,1.0970482394205805,12.324957296407858,0.0664113700400068,0.3762343060437327,0.2733199458273012,1.0502274795268425,0.2302680834400718,0.7625681792884014
1018724,AMZN,2019,2020,96,14.0,0.0208333333333333,0.5,102,0.5368,0.5178,5,0,8,1,2,0,0,Consumer Discretionary,Amazon.com Inc.,0.0664113700400068,0.3762343060437327,0.2733199458273012,1.0502274795268425,12.679803694308427,0.079334393851846,0.2169536657134567,0.2915118095632138,1.1357597739445826,0.7625681792884014,0.0237575598247784
1018724,AMZN,2020,2021,30,4.0,0.2,0.8,31,0.0566,0.1623,2,0,5,0,3,0,0,Consumer Discretionary,Amazon.com Inc.,0.079334393851846,0.2169536657134567,0.2915118095632138,1.1357597739445826,12.949316279549212,-0.0058831793375479,0.0939951726398509,0.3173242556870373,0.9446435811136924,0.0237575598247784,-0.4216928290091151
1018724,AMZN,2021,2022,41,0.0,0.024390243902439,1.0,42,0.7926,0.2132,0,0,1,0,0,0,0,Consumer Discretionary,Amazon.com Inc.,-0.0058831793375479,0.0939951726398509,0.3173242556870373,0.9446435811136924,13.04478014274595,0.0576390441296267,0.1182957412988368,0.2694135120696253,1.0450772206625152,-0.496153189854554,0.8087999204564771
1018724,AMZN,2022,2023,47,4.0,0.0638297872340425,0.5714285714285714,47,0.4736,0.226,1,0,4,0,2,0,0,Consumer Discretionary,Amazon.com Inc.,0.0576390441296267,0.1182957412988368,0.2694135120696253,1.0450772206625152,13.17657500929952,0.0948128802644928,0.1099089224666614,0.2208374540322038,1.063734806137178,0.8087999204564771,0.4439195072872465
12927,BA,2015,2016,32,3.0,0.28125,0.5833333333333334,40,0.8998,0.1747,3,0,4,1,2,2,0,Industrials,Boeing Co.,0.0543907019122859,-0.0160538527165657,0.1063146549329422,1.2464195954841026,11.4075316154235,0.0887764937779558,-0.0124668238677818,0.1059426207314827,1.158026622118751,0.1131936705018276,0.8870000731117467
12927,BA,2016,2017,27,3.0,0.1481481481481481,0.4285714285714285,40,0.7523,0.1754,2,0,0,0,4,1,0,Industrials,Boeing Co.,0.0887764937779558,-0.0124668238677818,0.1059426207314827,1.158026622118751,11.433156886386548,0.0891282304723114,0.0828229398663698,0.0908068405490844,1.0764799607795073,0.9476998069836544,0.1153101833253324
12927,BA,2017,2018,38,0.0,0.0,,48,0.7431,0.2115,0,0,0,0,0,0,0,Industrials,Boeing Co.,0.0891282304723114,0.0828229398663698,0.0908068405490844,1.0764799607795073,11.672992891989832,-0.0047595884003741,-0.1612724593827563,0.1567072029934518,1.050528197961197,0.1153101833253324,0.033272171179739
12927,BA,2018,2019,36,4.0,0.3333333333333333,0.5,47,0.7778,0.2017,8,1,4,1,2,0,0,Industrials,Boeing Co.,-0.0047595884003741,-0.1612724593827563,0.1567072029934518,1.050528197961197,11.802792648327346,-0.07606758897966788,-0.22955409942041502,0.4139322711258348,1.393698441796517,0.033272171179739,-0.3389549168658418
12927,BA,2019,2020,70,5.0,0.0714285714285714,0.6,85,0.6097,0.3232,2,1,1,0,6,0,0,Industrials,Boeing Co.,-0.0780420150391754,-0.3084486783465774,0.4139322711258348,1.393698441796517,11.932530136632112,-0.0303279635082856,0.0616475722858702,0.419171141520873,1.325324421894819,-0.3389549168658418,-0.0595162953704285
12927,BA,2020,2021,123,2.0,0.008130081300813,0.3333333333333333,150,0.1824,0.463,2,0,0,0,1,0,0,Industrials,Boeing Co.,-0.0303279635082856,0.0616475722858702,0.419171141520873,1.325324421894819,11.839000985408878,-0.0359956236323851,0.0696300102774922,0.3874252370532458,1.2162195176120465,-0.0595162953704285,-0.0537964725792043
12927,BA,2021,2022,114,8.0,0.0526315789473684,0.5,137,0.2765,0.4006,3,0,4,1,4,1,1,Industrials,Boeing Co.,-0.0359956236323851,0.0696300102774922,0.3874252370532458,1.2162195176120465,11.828465865550406,-0.0162175575861968,0.1679377852510208,0.3548667270020144,1.14033623091613,-0.0537964725792043,0.368359101550243
12927,BA,2022,2023,98,0.0,0.0,,121,0.1289,0.4172,0,0,0,0,0,0,0,Industrials,Boeing Co.,-0.0162175575861968,0.1679377852510208,0.3548667270020144,1.14033623091613,11.827823792215248,-0.0755741447784962,-0.1392652389644445,0.3476269961563797,1.318506767753765,0.368359101550243,-0.3209526668707895
866787,AZO,2015,2016,0,0.0,,,1216,0.1465,0.929,0,0,0,0,0,0,0,Consumer Discretionary,AutoZone Inc.,0.1443067136430239,0.0440091329041731,0.5844993602748533,0.9038984546896588,9.05949271449302,0.1383260576033061,0.02378786266148,0.5597929367875979,0.967470371678163,0.0645351556928363,-0.0992878278206516
866787,AZO,2016,2017,0,0.0,,,591,0.2963,0.4505,0,0,0,0,0,0,0,Consumer Discretionary,AutoZone Inc.,0.1383260576033061,0.02378786266148,0.5597929367875979,0.967470371678163,9.133435677252566,0.1430981985625303,0.0305272192872667,0.5464805744743222,0.9218856793660206,-0.0992878278206516,0.1784923918564098
866787,AZO,2017,2018,30,8.0,0.0666666666666666,0.4,35,0.0766,0.2333,4,2,1,2,0,1,0,Consumer Discretionary,AutoZone Inc.,0.1430981985625303,0.0305272192872667,0.5464805744743222,0.9218856793660206,9.142808575456318,0.1634231222525905,0.0572731120194613,0.5386064934079351,0.9122925193677014,0.1784923918564098,0.421041131168804
866787,AZO,2018,2019,52,8.0,0.0769230769230769,0.5833333333333334,62,0.4305,0.3584,6,0,4,2,0,0,0,Consumer Discretionary,AutoZone Inc.,0.1634231222525905,0.0572731120194613,0.5386064934079351,0.9122925193677014,9.199877122602798,0.1201461022393986,0.0647539313688774,0.5664766021218158,1.0841593731492989,0.421041131168804,-0.0049219578682988
866787,AZO,2021,2022,96,11.0,0.0520833333333333,0.5625,103,0.012,0.5421,5,0,6,0,2,3,0,Consumer Discretionary,AutoZone Inc.,0.1590570972533432,0.1109153130454487,0.6008161810084593,0.7717373902195673,9.633975599093118,0.1581662264656342,0.0741423792304194,0.6747391041017579,0.7964685962732453,0.1763784067562984,0.0484263963426079
866787,AZO,2022,2023,0,0.0,,,1132,0.1142,0.897,0,0,0,0,0,0,0,Consumer Discretionary,AutoZone Inc.,0.1581662264656342,0.0741423792304194,0.6747391041017579,0.7964685962732453,9.679460986479125,0.1550037033073836,0.0591766415811372,0.7142555152848612,0.8384846509329611,0.0484263963426079,0.2383880537417634
97476,TXN,2015,2016,56,7.0,0.1607142857142857,0.5,61,0.2035,0.442,8,0,3,1,4,0,0,Information Technology,Texas Instruments,0.2187937435335646,0.0284615384615385,0.181242772807498,3.293727915194346,9.706925073451831,0.2087064958621471,0.1189977561705311,0.2027547897063825,3.868024800708592,0.3671947118434588,0.4677323088445409
97476,TXN,2016,2017,38,0.0,0.0,,41,0.4527,0.313,0,0,0,0,0,0,0,Information Technology,Texas Instruments,0.2087064958621471,0.1189977561705311,0.2027547897063825,3.868024800708592,9.778037701818713,0.30844079090580434,0.0550096918655169,0.2520277761568535,3.272837510105093,0.4677323088445409,-0.0719436287093953
97476,TXN,2017,2018,33,5.0,0.2424242424242424,0.6923076923076923,35,0.5504,0.2593,2,1,6,2,1,1,0,Information Technology,Texas Instruments,0.3256112505105911,0.0550096918655169,0.2520277761568535,3.272837510105093,9.74899514766085,0.2784437784437784,-0.0887607704004054,0.3086913086913087,4.12670748940179,-0.0719436287093953,0.3956040338098305
97476,TXN,2018,2019,28,2.0,0.2142857142857142,0.75,30,0.4782,0.2206,2,0,0,3,2,1,0,Information Technology,Texas Instruments,0.2784437784437784,-0.0887607704004054,0.3086913086913087,4.12670748940179,9.799126537211386,0.2891323445816753,0.0054230689007856,0.3357449227430107,4.284100418410042,0.3956040338098305,0.3173923067016033
97476,TXN,2019,2020,32,4.0,0.25,0.5833333333333334,34,0.4842,0.2576,7,0,1,2,1,1,0,Information Technology,Texas Instruments,0.2891323445816753,0.0054230689007856,0.3357449227430107,4.284100418410042,9.870499376709148,0.30844079090580434,0.2685153170596777,0.3089641757172962,5.3269754768392374,0.3173923067016033,0.1753926254596018
97476,TXN,2020,2021,37,12.0,0.1351351351351351,0.5294117647058824,40,0.3505,0.2963,9,0,3,2,2,1,0,Information Technology,Texas Instruments,0.3148403306856865,0.2685153170596777,0.3089641757172962,5.3269754768392374,10.113586390329528,0.30844079090580434,0.0918011338857391,0.3153232623957069,4.69715242881072,0.1753926254596018,-0.0990358706914336
97476,TXN,2021,2022,29,4.0,0.1724137931034483,0.6666666666666666,34,0.4956,0.2519,2,0,3,1,3,0,0,Information Technology,Texas Instruments,0.321571654353659,0.0918011338857391,0.3153232623957069,4.69715242881072,10.211229572115675,0.2012489180165698,-0.1252746155382464,0.3432051440583653,4.554819277108434,-0.0990358706914336,0.0639074126089717
97476,TXN,2022,2023,23,0.0,0.1304347826086956,1.0,24,0.3484,0.1791,0,0,2,0,1,0,0,Information Technology,Texas Instruments,0.2012489180165698,-0.1252746155382464,0.3432051440583653,4.554819277108434,10.384307474215714,0.1351488355064913,-0.1071978994234831,0.380438762003999,4.124622563821027,0.0639074126089717,0.1313913026794841
773840,HON,2015,2016,25,3.0,0.08,0.4,26,0.6458,0.2826,1,0,4,0,0,0,0,Industrials,Honeywell International,0.0888154249621394,0.0186879552111143,0.2249843017028035,1.4119159879982854,10.899439380817965,0.0278680519305571,0.0313470052414635,0.2117130011618704,1.378611950585865,0.1499028749895991,0.3508899488435403
773840,HON,2016,2017,32,5.0,0.21875,0.5833333333333334,35,0.7516,0.3608,2,3,6,0,1,0,0,Industrials,Honeywell International,0.0278680519305571,0.0313470052414635,0.2117130011618704,1.378611950585865,10.991830626179585,0.1170962214183096,0.0312823802240094,0.1688678102227684,1.2873599661805115,0.3508899488435403,-0.084042286172912
773840,HON,2017,2018,38,0.0,0.0,,41,0.1423,0.3534,0,0,0,0,0,0,0,Industrials,Honeywell International,0.1170962214183096,0.0312823802240094,0.1688678102227684,1.2873599661805115,10.9642768174945,0.1046882189539699,-0.1218362757762786,0.1984355561614887,1.342855564150735,-0.084042286172912,0.3671894909392885
773840,HON,2018,2019,33,5.0,0.2424242424242424,0.6923076923076923,34,0.3881,0.2982,1,1,8,0,0,1,2,Industrials,Honeywell International,0.1046882189539699,-0.1218362757762786,0.1984355561614887,1.342855564150735,10.97983719053025,0.0739943641036757,-0.1109264757961262,0.2629517232836837,1.4676772412356098,0.3671894909392885,0.2296969483037798
773840,HON,2019,2020,48,6.0,0.0416666666666666,0.375,54,0.3107,0.3971,0,1,5,0,1,1,0,Industrials,Honeywell International,0.0739943641036757,-0.1109264757961262,0.2629517232836837,1.4676772412356098,11.075752948017644,0.0859624631611602,0.0537733247541134,0.2342329765782534,1.3005946278449867,0.2296969483037798,-0.0028704751688008
4962,AXP,2015,2016,206,6.0,0.0,0.3333333333333333,228,0.01,0.608,1,0,3,0,1,1,0,Financials,American Express,0.0340354829979923,-0.0179437298568566,0.1967739296255971,,11.975986298691016,0.0151027550383916,0.0520355970789108,0.2421629618180714,,0.085714248120181,0.362042266621555
4962,AXP,2016,2017,185,2.0,0.0162162162162162,0.4,205,0.033,0.5325,1,0,4,0,0,0,0,Financials,American Express,0.0151027550383916,0.0520355970789108,0.2421629618180714,,12.10713037767258,0.0366963234748305,0.2163392631312706,0.2497746577448807,,0.362042266621555,-0.026325632797346
4962,AXP,2017,2018,156,14.0,0.0128205128205128,0.6875,161,0.0631,0.4139,3,0,4,0,3,6,0,Financials,American Express,0.0366963234748305,0.2163392631312706,0.2497746577448807,,12.147394253579138,0.0340811109262256,0.0863889466509553,0.2168353326173224,,-0.026325632797346,0.3252453252497606
4962,AXP,2018,2019,178,0.0,0.0,,191,0.1197,0.4811,0,0,0,0,0,0,0,Financials,American Express,0.0340811109262256,0.0863889466509553,0.2168353326173224,,12.197642209052148,0.0163821348508363,-0.1878987664823479,0.1684041658175129,,0.3252453252497606,-0.0115073462558694
4962,AXP,2019,2020,158,0.0,0.0,,168,0.1508,0.4128,0,0,0,0,0,0,0,Financials,American Express,0.0163821348508363,-0.1878987664823479,0.1684041658175129,,12.161948329342922,0.0427477353246918,0.1434594736152938,0.135843392663937,,-0.0115073462558694,0.3688590512821114
4962,AXP,2020,2021,189,3.0,0.0317460317460317,0.5555555555555556,198,0.353,0.4771,1,0,0,0,5,2,1,Financials,American Express,0.0427477353246918,0.1434594736152938,0.135843392663937,,12.147107895364268,0.0329050509296968,0.2739619357350618,0.153424069646251,,0.3688590512821114,-0.0852981269455456
4962,AXP,2021,2022,169,5.0,0.0236686390532544,0.4444444444444444,176,0.0421,0.4303,1,0,0,0,6,2,0,Financials,American Express,0.0329050509296968,0.2739619357350618,0.153424069646251,,12.33865233542929,0.0320710204206688,0.211038202247191,0.1472072858740444,,-0.0852981269455456,0.2869136923528104
4962,AXP,2022,2023,143,2.0,0.0069930069930069,0.6666666666666666,148,0.0696,0.3541,0,0,0,0,1,2,0,Financials,American Express,0.0320710204206688,0.211038202247191,0.1472072858740444,,12.472689393819522,0.0373129105101653,0.1014933792530135,0.1403184987898814,,0.2869136923528104,0.6031709558412736
1090727,UPS,2015,2016,21,0.0,0.0476190476190476,1.0,24,0.7841,0.1702,1,0,0,0,0,0,0,Industrials,United Parcel Service,0.0849741189290932,0.0435721261758306,0.3069569309260222,1.1806479113384485,10.606015594901825,0.1081426337466687,0.081535480905001,0.4466224698808448,1.223481271639912,0.2270762317688067,0.0714239986670577
1090727,UPS,2016,2017,23,1.0,0.0869565217391304,0.6666666666666666,25,0.8437,0.1678,1,0,0,0,2,0,0,Industrials,United Parcel Service,0.1081426337466687,0.081535480905001,0.4466224698808448,1.223481271639912,10.723333461141452,0.0957893474088291,0.0909187515180958,0.3984924824056302,1.1507063249804783,0.0714239986670577,-0.1548045994074806
1090727,UPS,2017,2018,80,0.0,0.0,,91,0.7001,0.4715,0,0,0,0,0,0,0,Industrials,United Parcel Service,0.0957893474088291,0.0909187515180958,0.3984924824056302,1.1507063249804783,10.820098233221204,0.076740930224519,0.0310738787381195,0.4184281936498609,1.109647699993512,-0.1548045994074806,0.2420645294179299
1090727,UPS,2018,2019,59,0.0,0.0,,69,0.7248,0.3382,0,0,0,0,0,0,0,Industrials,United Parcel Service,0.076740930224519,0.0310738787381195,0.4184281936498609,1.109647699993512,10.965729727894512,0.0215196769644917,0.1421707560666181,0.3937155492885527,1.1880582980724024,0.2420645294179299,0.4869894476264379
1090727,UPS,2019,2020,89,6.0,0.0337078651685393,0.6666666666666666,110,0.3767,0.5729,3,0,2,0,4,0,0,Industrials,United Parcel Service,0.0215196769644917,0.1421707560666181,0.3937155492885527,1.1880582980724024,11.041448751268147,0.1857214898062099,0.1495840620125725,0.3287515308695339,1.4192042802663782,0.4869894476264379,0.300185517458572
1090727,UPS,2020,2021,92,8.0,0.0434782608695652,0.5833333333333334,113,0.1448,0.528,2,0,7,0,2,1,0,Industrials,United Parcel Service,0.1857214898062099,0.1495840620125725,0.3287515308695339,1.4192042802663782,11.147714190009207,0.1623643214667341,0.0313608190200129,0.289058545638603,1.2247519294377067,0.300185517458572,-0.1626591486822029
1090727,UPS,2021,2022,104,2.0,0.0192307692307692,0.75,122,0.1539,0.598,1,0,2,0,0,1,0,Industrials,United Parcel Service,0.1623643214667341,0.0313608190200129,0.289058545638603,1.2247519294377067,11.17218011157584,0.0946695457047292,-0.0934840239988837,0.3199683870330383,1.0982688391038695,-0.1626591486822029,-0.0594241081151856
1090727,UPS,2022,2023,89,4.0,0.0561797752808988,0.6666666666666666,103,0.4176,0.4836,3,0,5,0,0,1,0,Industrials,United Parcel Service,0.0946695457047292,-0.0934840239988837,0.3199683870330383,1.0982688391038695,11.168419040520687,0.0825174825174825,0.0012313375404031,0.3293991722563151,1.174502767471565,-0.0594241081151856,-0.1598373923255894
936468,LMT,2015,2016,122,1.0,0.0081967213114754,0.5,138,0.3201,0.4466,0,0,2,0,0,0,0,Industrials,Lockheed Martin,0.1109065807639208,0.02419145061996,0.2987491109902522,1.2045925689682666,10.774906433614746,0.0430343285827905,0.0804266847273957,0.2904709700995249,1.3817361715597056,0.1837844571044638,0.3175266046428703
936468,LMT,2016,2017,100,0.0,0.0,,122,0.2569,0.3861,0,0,0,0,0,0,0,Industrials,Lockheed Martin,0.0430343285827905,0.0804266847273957,0.2904709700995249,1.3817361715597056,10.74765910253226,0.1124431767537213,0.0531656480175521,0.2808628219983956,1.118419224892346,0.3175266046428703,-0.1633506906244288
936468,LMT,2017,2018,82,0.0,0.024390243902439,1.0,93,0.2826,0.3163,0,0,1,0,0,1,0,Industrials,Lockheed Martin,0.1124431767537213,0.0531656480175521,0.2808628219983956,1.118419224892346,10.711658409664857,0.1310806261572125,0.1125330158848256,0.2579321663019693,1.2235184655024334,-0.1633506906244288,0.5253368559322449
936468,LMT,2018,2019,116,9.0,0.0603448275862069,0.5,140,0.4531,0.4348,11,0,3,0,2,0,0,Industrials,Lockheed Martin,0.1310806261572125,0.1125330158848256,0.2579321663019693,1.2235184655024334,10.769074290035578,0.134746598304082,0.0933926302414231,0.2466969039637152,1.390798822938348,0.5253368559322449,-0.0644686458735729
936468,LMT,2019,2020,170,2.0,0.0470588235294117,0.8,208,0.2756,0.5517,7,0,3,0,0,0,0,Industrials,Lockheed Martin,0.134746598304082,0.0933926302414231,0.2466969039637152,1.390798822938348,10.833878408789063,0.1241326440351463,0.0251689654117863,0.2510172390069388,1.415660498678288,-0.0644686458735729,0.0318907699430654
936468,LMT,2020,2021,163,1.0,0.0122699386503067,0.6666666666666666,189,0.2113,0.4276,0,0,1,0,2,0,0,Industrials,Lockheed Martin,0.1241326440351463,0.0251689654117863,0.2510172390069388,1.415660498678288,10.837087609932846,0.1083963691376702,-0.0158105124992542,0.3090960665658094,1.3212689620444389,0.0318907699430654,0.4042891755227248
936468,LMT,2021,2022,215,11.0,0.0186046511627906,0.4666666666666667,238,0.2819,0.5459,0,0,10,0,3,2,0,Industrials,Lockheed Martin,0.1083963691376702,-0.0158105124992542,0.3090960665658094,1.3212689620444389,10.875780474525568,0.1319200854049108,0.0240512851600387,0.3460614610340095,1.2116077227372026,0.4042891755227248,-0.043120464392363
936468,LMT,2022,2023,198,0.0,0.0,,225,0.287,0.5639,0,0,0,0,0,0,0,Industrials,Lockheed Martin,0.1319200854049108,0.0240512851600387,0.3460614610340095,1.2116077227372026,10.867730001943457,0.0959418882715716,0.0513829897441209,0.3678731323156589,1.1250772399588054,-0.043120464392363,0.1002763359504586
829224,SBUX,2015,2016,45,2.0,0.0666666666666666,0.4,45,0.6243,0.3237,1,0,2,1,0,1,0,Consumer Discretionary,Starbucks Corp.,0.1966363097107366,0.1123641240534998,0.2234690673086988,1.0469770612945084,9.570075628378174,0.2008060923316812,0.0502394925853468,0.2737511833825249,1.251782879617125,-0.0612171150410253,0.0536696313602779
829224,SBUX,2016,2017,45,3.0,0.0444444444444444,0.4,46,0.5915,0.3129,2,0,3,0,0,0,0,Consumer Discretionary,Starbucks Corp.,0.2008060923316812,0.0502394925853468,0.2737511833825249,1.251782879617125,9.572591738727688,0.187043599211803,0.104199796308539,0.3763060720968356,2.1980577741810636,0.0536696313602779,0.1475107866190398
829224,SBUX,2017,2018,73,8.0,0.0684931506849315,0.4615384615384615,79,0.2836,0.4969,3,0,3,5,1,1,0,Consumer Discretionary,Starbucks Corp.,0.187043599211803,0.104199796308539,0.3763060720968356,2.1980577741810636,10.092304634323645,0.187267164769298,0.0723760593863143,0.5810214572623781,0.9165464360400084,0.1475107866190398,0.3907142353578761
829224,SBUX,2018,2019,89,9.0,0.0,0.3333333333333333,99,0.0997,0.547,0,0,9,0,0,0,0,Consumer Discretionary,Starbucks Corp.,0.187267164769298,0.0723760593863143,0.5810214572623781,0.9165464360400084,9.86368587065319,0.0316022400381283,-0.1128162181329832,0.759886976799605,1.0625578483149123,0.3907142353578761,0.2416569443534324
829224,SBUX,2019,2020,79,0.0,0.0,,80,0.0829,0.3756,0,0,0,0,0,0,0,Consumer Discretionary,Starbucks Corp.,0.0316022400381283,-0.1128162181329832,0.7372043486979952,1.0625578483149123,10.287882230025,0.1337671935424272,0.2356748022791053,0.6802526710116398,1.1968986922491842,0.2416569443534324,0.1116420789265893
829224,SBUX,2020,2021,124,3.0,0.0080645161290322,0.5,137,0.0619,0.5502,0,0,4,0,0,0,0,Consumer Discretionary,Starbucks Corp.,0.1337671935424272,0.2356748022791053,0.6802526710116398,1.1968986922491842,10.354327475332283,0.1172904812283761,0.1097602940063178,0.7375368141137448,0.7669201687099806,0.1116420789265893,-0.1317677811973119
829224,SBUX,2021,2022,77,0.0,0.0,,80,0.24,0.2952,0,0,0,0,0,0,0,Consumer Discretionary,Starbucks Corp.,0.1172904812283761,0.1097602940063178,0.7372043486979952,0.7669201687099806,10.239188062881777,0.1400723370294272,0.1155121037633757,0.7292251787200082,0.7815051416219918,-0.1317677811973119,-0.0118661008058291
829224,SBUX,2022,2023,127,6.0,0.0078740157480314,0.5714285714285714,133,0.0293,0.4508,0,0,3,0,0,4,0,Consumer Discretionary,Starbucks Corp.,0.1400723370294272,0.1155121037633757,0.7292251787200082,0.7815051416219918,10.290296376046182,0.1200058712223949,0.0055760015121359,0.7368096926223623,0.7549503858875413,-0.0118661008058291,-0.0249300707864197
47217,HPQ,2015,2016,114,6.0,0.0701754385964912,0.5,123,0.0727,0.3162,7,1,4,0,1,1,0,Information Technology,HP Inc.,0.0860392967942089,-0.5332785061196845,0.2329541537400896,0.9819225861335602,10.27539587711545,0.0767477896271989,0.0791492184584767,0.2049949867833378,0.9958058183116189,0.3009448031417831,0.4566974242447836
47217,HPQ,2016,2017,65,3.0,0.0307692307692307,0.8,68,0.558,0.1794,4,1,0,0,0,0,0,Information Technology,HP Inc.,0.0767477896271989,0.0791492184584767,0.2049949867833378,0.9958058183116189,10.4016229954856,0.1538617064294379,0.1232518825879822,0.1306683611576454,0.8510206517846485,0.4566974242447836,-0.0020512442724363
47217,HPQ,2017,2018,102,0.0,0.0196078431372549,0.5,106,0.4443,0.2804,0,0,1,0,0,0,1,Information Technology,HP Inc.,0.1538617064294379,0.1232518825879822,0.1306683611576454,0.8510206517846485,10.452244597136676,0.0941823288612663,0.0048570255848954,0.1428272626766665,0.7977305973984897,-0.0020512442724363,0.0386008621285161
47217,HPQ,2018,2019,104,1.0,0.0288461538461538,0.75,111,0.1508,0.2707,4,0,0,0,0,0,0,Information Technology,HP Inc.,0.0941823288612663,0.0048570255848954,0.1428272626766665,0.7977305973984897,10.418315157681416,0.082004555808656,-0.0360303628565593,0.1858942937054871,0.787490465293669,0.0386008621285161,0.2405962930684606
47217,HPQ,2019,2020,216,9.0,0.0324074074074074,0.375,226,0.1949,0.5219,3,0,11,0,1,1,0,Information Technology,HP Inc.,0.082004555808656,-0.0360303628565593,0.1858942937054871,0.787490465293669,10.453947265542192,0.1684278684278684,0.1209060894436695,0.1896399896399896,0.7619604069287874,0.2405962930684606,0.5725804370325408
47217,HPQ,2020,2021,238,0.0,0.0,,253,0.1924,0.6141,0,0,0,0,0,0,0,Information Technology,HP Inc.,0.1684278684278684,0.1209060894436695,0.1896399896399896,0.7619604069287874,10.561266589258285,0.0813633293500285,-0.0090884748058657,0.3031901075492284,0.7535988392073008,0.5725804370325408,-0.2637958024729075
47217,HPQ,2021,2022,173,11.0,0.0115606936416184,0.2307692307692307,182,0.1009,0.4853,6,0,5,0,1,1,0,Information Technology,HP Inc.,0.0813633293500285,-0.0090884748058657,0.3031901075492284,0.7535988392073008,10.55825766397507,0.088179656253378,-0.1461134954697186,0.2723759593557453,0.7341146684090166,-0.2637958024729075,0.1609076724000618
47217,HPQ,2022,2023,169,6.0,0.0177514792899408,0.5555555555555556,182,0.3001,0.4428,2,0,3,0,2,2,0,Information Technology,HP Inc.,0.088179656253378,-0.1461134954697186,0.2723759593557453,0.7341146684090166,10.518781293891209,0.0695331880027061,-0.0029599017089243,0.2267658924052218,0.7236727437515251,0.1609076724000618,0.1209400531512657
1099219,MET,2015,2016,202,1.0,0.0049504950495049,0.5,235,0.6782,0.3009,0,0,0,0,0,0,2,Financials,MetLife Inc.,0.0008901113084191,-0.0972033474000428,0.0253036392200844,,13.708775765086612,0.0055702799864424,-0.0110600538741879,0.0261858723252932,,0.1596330522808672,0.0786174243964581
1099219,MET,2016,2017,357,0.0,0.0,,397,0.3016,0.4387,0,0,0,0,0,0,0,Financials,MetLife Inc.,0.0055702799864424,-0.0110600538741879,0.0261858723252932,,13.486856479741112,0.0074512245141359,0.0888450938922003,0.0247753578711285,,0.0786174243964581,-0.1581184655003279
1099219,MET,2017,2018,315,7.0,0.0253968253968253,0.4,359,0.5233,0.3667,4,0,7,1,2,1,0,Financials,MetLife Inc.,0.0074512245141359,0.0888450938922003,0.0247753578711285,,13.440872379722656,0.0079666370905771,0.0262960401430316,0.0259702375405658,,-0.1581184655003279,0.2884982928713789
1099219,MET,2018,2019,313,3.0,0.0319488817891373,0.5384615384615384,343,0.019,0.7522,1,0,11,0,0,0,1,Financials,MetLife Inc.,0.0079666370905771,0.0262960401430316,0.0259702375405658,,13.515030945202607,0.0068000090549408,-0.0382398485891259,0.0251450676982591,,0.2884982928713789,-0.0353653137997501
1099219,MET,2019,2020,251,7.0,0.0159362549800796,0.6363636363636364,287,0.0893,0.9349,1,0,9,0,0,0,1,Financials,MetLife Inc.,0.0068000090549408,-0.0382398485891259,0.0251450676982591,,13.58628102457402,0.0086269987942735,-0.0370767923431279,0.025063577058554,,-0.0353653137997501,0.3734935455977236
1099219,MET,2020,2021,215,6.0,0.041860465116279,0.6,251,0.0421,0.6972,9,0,4,1,1,0,0,Financials,MetLife Inc.,0.0086269987942735,-0.0370767923431279,0.025063577058554,,13.540689427908422,0.003808818036306,0.079362130360737,0.0278543258362073,,0.3734935455977236,0.1924003136087132
1099219,MET,2021,2022,88,4.0,0.0454545454545454,0.625,99,0.0602,0.2619,4,2,2,0,0,0,0,Financials,MetLife Inc.,0.003808818036306,0.079362130360737,0.0278543258362073,,13.40996194636979,0.0022949923209382,-0.0403207298181191,0.0273086633778563,,0.1924003136087132,-0.0550528769816459
1099219,MET,2022,2023,87,6.0,0.0114942528735632,1.0,95,0.509,0.243,3,1,2,0,1,0,0,Financials,MetLife Inc.,0.0022949923209382,-0.0403207298181191,0.0273086633778563,,13.440939282877457,0.0065332559852507,0.0609969359539646,0.0273153868068379,,-0.0550528769816459,0.2763332130340655
51143,IBM,2020,2021,0,0.0,,,2217,0.3399,0.5833,0,0,0,0,0,0,0,Information Technology,IBM Corp.,0.043507246157226,-0.2209997283346916,0.3589290990219771,0.8786400547309557,11.790564777297387,0.0128808657450704,0.0554489973844811,0.3802095203665427,0.924234248531979,0.1643943182443516,0.107041156036371
789019,MSFT,2015,2016,50,5.0,0.1,0.6,58,0.0897,0.2007,5,0,3,1,0,1,0,Information Technology,Microsoft Corp.,0.0867244209939389,-0.0882667236589014,0.2144826375623406,2.3528817157201343,12.174034873179655,0.0879520171225206,0.0542662916080638,0.3254979550865666,2.4772730794861064,0.1506599971202405,0.4071717415698629
789019,MSFT,2020,2021,80,0.0,0.0,,95,0.6442,0.2295,0,0,0,0,0,0,0,Information Technology,Microsoft Corp.,0.1835675701586978,0.175317274411775,0.2140727846868736,2.0799936835218875,12.718234376307526,0.1993695866681284,0.1795607062967017,0.1983417388444249,1.7846069708251824,0.5247523542187332,-0.2801618604934868
789019,MSFT,2021,2022,70,6.0,0.0571428571428571,0.6,81,0.791,0.1942,5,1,0,0,0,4,0,Information Technology,Microsoft Corp.,0.1993695866681284,0.1795607062967017,0.1983417388444249,1.7846069708251824,12.807214180294094,0.175643726819038,0.0688202955565642,0.1713400780627997,1.76916725076573,-0.2801618604934868,0.5819200214925161
310158,MRK,2015,2016,48,6.0,0.0416666666666666,0.375,55,0.177,0.2236,2,3,2,0,0,1,0,Health Care,Merck & Co.,0.0411000555689526,0.0078231809205528,0.2545058032859075,1.7794698907230877,11.465592738222728,0.0272441733430444,0.0079131810988017,0.2430011835396941,1.330503921779306,0.1505143821501421,-0.0147421083511727
310158,MRK,2016,2017,64,3.0,0.015625,0.75,76,0.3153,0.2969,1,1,2,0,0,0,0,Health Care,Merck & Co.,0.0272441733430444,0.0079131810988017,0.2430011835396941,1.330503921779306,11.383636489127642,0.0752689473238379,0.0541348885898012,0.2396747219768384,1.16522561469873,-0.0147421083511727,0.3999658356637862
310158,MRK,2017,2018,85,2.0,0.0352941176470588,0.6,101,0.2836,0.3412,2,1,1,0,0,0,1,Health Care,Merck & Co.,0.0752689473238379,0.0541348885898012,0.2396747219768384,1.16522561469873,11.32221280110167,0.116627368271384,0.1074856953705016,0.278493311373627,1.2368586858685868,0.3999658356637862,0.222627186381808
310158,MRK,2018,2019,67,3.0,0.0597014925373134,0.5714285714285714,76,0.53,0.2714,3,0,2,0,1,0,1,Health Care,Merck & Co.,0.116627368271384,0.1074856953705016,0.278493311373627,1.2368586858685868,11.343287134928612,0.0771607634187884,0.0246370623398803,0.2917631130715814,1.0159915102279795,0.222627186381808,-0.07213906005965
310158,MRK,2019,2020,131,7.0,0.0305343511450381,0.6363636363636364,152,0.1625,0.451,1,1,5,0,3,0,1,Health Care,Merck & Co.,0.0771607634187884,0.0246370623398803,0.2917631130715814,1.0159915102279795,11.425055537713588,0.123460177493519,0.0147935158561487,0.3019565916702935,1.2678451742627346,-0.07213906005965,0.0194250330090617
310158,MRK,2020,2021,98,0.0,0.0,,119,0.2793,0.3148,0,0,0,0,0,0,0,Health Care,Merck & Co.,0.123460177493519,0.0147935158561487,0.3019565916702935,1.2678451742627346,11.568303405819542,0.1330065958226456,0.2172100854139289,0.2726090142909491,1.473740665869054,0.0194250330090617,0.4938556979400998
310158,MRK,2021,2022,128,5.0,0.0234375,0.625,157,0.1491,0.4198,1,2,3,0,0,1,1,Health Care,Merck & Co.,0.1330065958226456,0.2172100854139289,0.2726090142909491,1.473740665869054,11.600569974822276,0.0034216076868994,0.0140343774775231,0.324452777126787,1.251965439402195,0.4938556979400998,0.0099589810883188
310158,MRK,2022,2023,91,6.0,0.0549450549450549,0.7272727272727273,98,0.3104,0.2593,2,3,2,0,0,2,2,Health Care,Merck & Co.,0.0034216076868994,0.0140343774775231,0.324452777126787,1.251965439402195,11.577542108056202,0.1461667207487234,0.0674207768443815,0.3017693371816986,1.3646023926812103,0.0099589810883188,-0.0625765124696683
63754,MCD,2015,2016,18,0.0,0.0,,19,0.9386,0.1187,0,0,0,0,0,0,0,Consumer Discretionary,McDonald's Corp.,0.1018788153325136,0.0268137699881292,0.2273560689402273,0.9993674000140575,8.441585633907758,0.045966608253577,0.0957950810381957,0.4278823008338308,0.830380526883377,0.0620402193087253,0.4502249787150919
63754,MCD,2016,2017,21,1.0,0.0,1.0,31,0.4784,0.1824,1,0,0,0,0,0,0,Consumer Discretionary,McDonald's Corp.,0.045966608253577,0.0957950810381957,0.4278823008338308,0.830380526883377,9.248194767527153,0.091006591006591,0.118905277093978,0.3951581451581452,0.7393215766598392,0.4502249787150919,0.0578309047947676
63754,MCD,2017,2018,54,5.0,0.1666666666666666,0.7857142857142857,64,0.7077,0.2896,0,0,1,0,12,1,0,Consumer Discretionary,McDonald's Corp.,0.091006591006591,0.118905277093978,0.3951581451581452,0.7393215766598392,9.235657179959972,0.0678144391580857,-0.0113701491985431,0.3499097673251561,0.7195506869662087,0.0578309047947676,0.1397172867597329
63754,MCD,2018,2019,36,14.0,0.0555555555555555,0.3125,45,0.6268,0.2083,0,11,0,0,5,0,0,Consumer Discretionary,McDonald's Corp.,0.0678144391580857,-0.0113701491985431,0.3499097673251561,0.7195506869662087,9.24591019797476,0.0618212197159565,0.0474810188128811,0.3190567177018453,0.6839323814213031,0.1397172867597329,0.1132028207320327
63754,MCD,2019,2020,57,11.0,0.1052631578947368,0.4117647058823529,68,0.3357,0.2857,13,2,2,0,0,0,0,Consumer Discretionary,McDonald's Corp.,0.0618212197159565,0.0474810188128811,0.3190567177018453,0.6839323814213031,9.400109129405188,0.0585240744471477,0.1279345866138217,0.3160904399572286,0.6811216576710715,0.1132028207320327,0.2780696892343556
63754,MCD,2020,2021,74,10.0,0.054054054054054,0.5,78,0.2154,0.3133,2,1,5,0,2,4,0,Consumer Discretionary,McDonald's Corp.,0.0585240744471477,0.1279345866138217,0.3160904399572286,0.6811216576710715,9.465432101707494,0.0519623006651479,0.0051599423859194,0.2909279308794734,0.6953443654585711,0.2780696892343556,0.0051144812879263
63754,MCD,2021,2022,101,0.0,0.0099009900990099,0.1704807692307692,112,0.4159,0.3972,0,0,0,0,0,1,0,Consumer Discretionary,McDonald's Corp.,0.0519623006651479,0.0051599423859194,0.2909279308794734,0.6953443654585711,9.48226646838318,0.0529143310294426,0.0490827493898118,0.273652457181064,0.6459066120236212,0.0051144812879263,0.1504883604421435
63754,MCD,2022,2023,119,0.0,0.0,,130,0.1033,0.4101,0,0,0,0,0,0,0,Consumer Discretionary,McDonald's Corp.,0.0529143310294426,0.0490827493898118,0.273652457181064,0.6459066120236212,9.462055830944644,0.0603276129851648,0.0092311848938788,0.2876904126148596,0.7419869571250173,0.1504883604421435,0.0014022027062663
