cik,ticker,year_old,year_new,n_classified,risk_update_intensity,boilerplate_ratio,vagueness_ratio,n_added_total,similarity,added_ratio,risk_operational,risk_cyber,risk_regulatory,risk_supply_chain,risk_financing,risk_macroeconomic,risk_other,sector,company_name
14272,BMY,2015,2016,37,0,0.0,,41,0.5989,0.3203,0,0,0,0,0,0,0,Health Care,Bristol-Myers Squibb
14272,BMY,2016,2017,57,0,0.0,,71,0.2926,0.5182,0,0,0,0,0,0,0,Health Care,Bristol-Myers Squibb
14272,BMY,2017,2018,56,0,0.0,,68,0.0875,0.4277,0,0,0,0,0,0,0,Health Care,Bristol-Myers Squibb
14272,BMY,2018,2019,90,0,0.0,,100,0.1924,0.4808,0,0,0,0,0,0,0,Health Care,Bristol-Myers Squibb
14272,BMY,2019,2020,120,0,0.0,,138,0.0562,0.5974,0,0,0,0,0,0,0,Health Care,Bristol-Myers Squibb
14272,BMY,2020,2021,137,99,0.2773722627737226,0.45255474452554745,153,0.0915,0.5258,34,4,62,12,9,14,2,Health Care,Bristol-Myers Squibb
14272,BMY,2021,2022,114,71,0.37719298245614036,0.49122807017543857,127,0.1187,0.4006,32,6,40,11,11,12,2,Health Care,Bristol-Myers Squibb
14272,BMY,2022,2023,90,60,0.3333333333333333,0.4444444444444444,107,0.4275,0.428,23,7,37,8,6,8,1,Health Care,Bristol-Myers Squibb
97745,TMO,2015,2016,23,13,0.43478260869565216,0.5217391304347826,31,0.0456,0.1824,7,1,4,1,4,5,1,Health Care,Thermo Fisher Scientific
97745,TMO,2016,2017,28,18,0.35714285714285715,0.39285714285714285,33,0.5936,0.2025,3,3,8,0,6,6,2,Health Care,Thermo Fisher Scientific
97745,TMO,2017,2018,44,22,0.5,0.45454545454545453,53,0.5291,0.2896,15,3,15,1,4,5,1,Health Care,Thermo Fisher Scientific
97745,TMO,2018,2019,30,14,0.5333333333333333,0.4666666666666667,39,0.2081,0.2021,4,4,11,1,2,6,2,Health Care,Thermo Fisher Scientific
97745,TMO,2019,2020,48,25,0.4791666666666667,0.6041666666666666,53,0.6694,0.2524,8,1,12,8,5,9,5,Health Care,Thermo Fisher Scientific
97745,TMO,2020,2021,56,30,0.4642857142857143,0.48214285714285715,59,0.1638,0.2622,17,2,5,6,8,18,0,Health Care,Thermo Fisher Scientific
97745,TMO,2021,2022,61,32,0.47540983606557374,0.5901639344262295,72,0.4002,0.2988,21,3,21,1,7,8,0,Health Care,Thermo Fisher Scientific
97745,TMO,2022,2023,48,23,0.5208333333333334,0.5,53,0.2981,0.2255,14,1,11,5,9,8,0,Health Care,Thermo Fisher Scientific
100885,UNP,2022,2023,32,23,0.28125,0.5,34,0.706,0.3063,14,4,2,2,2,8,0,Industrials,Union Pacific Corp.
354950,HD,2015,2016,57,36,0.3684210526315789,0.49122807017543857,58,0.3447,0.4113,32,12,5,3,0,4,1,Consumer Discretionary,Home Depot
354950,HD,2016,2017,63,33,0.47619047619047616,0.5714285714285714,65,0.2021,0.4545,29,12,10,5,0,4,3,Consumer Discretionary,Home Depot
354950,HD,2017,2018,84,43,0.4880952380952381,0.5714285714285714,92,0.3161,0.538,38,11,20,7,2,2,4,Consumer Discretionary,Home Depot
354950,HD,2018,2019,76,36,0.5263157894736842,0.631578947368421,80,0.41,0.4278,41,8,11,6,1,5,4,Consumer Discretionary,Home Depot
354950,HD,2019,2020,79,52,0.34177215189873417,0.5189873417721519,84,0.6195,0.3925,30,6,14,11,6,8,4,Consumer Discretionary,Home Depot
354950,HD,2020,2021,153,91,0.40522875816993464,0.5098039215686274,161,0.2608,0.6122,79,18,15,12,9,18,2,Consumer Discretionary,Home Depot
354950,HD,2021,2022,125,3,0.016,0.4,127,0.2025,0.4792,1,0,1,1,0,2,0,Consumer Discretionary,Home Depot
354950,HD,2022,2023,138,0,0.0,,142,0.1222,0.5379,0,0,0,0,0,0,0,Consumer Discretionary,Home Depot
40533,GE,2015,2016,37,3,0.3783783783783784,0.8235294117647058,46,0.6832,0.4,3,4,1,0,5,0,4,Industrials,General Electric
40533,GE,2016,2017,23,0,0.13043478260869565,1.0,25,0.6784,0.2137,0,2,0,0,0,0,1,Industrials,General Electric
40533,GE,2017,2018,12,6,0.5,0.5833333333333334,15,0.7676,0.1293,2,4,1,1,2,1,1,Industrials,General Electric
40533,GE,2018,2019,24,2,0.08333333333333333,0.25,28,0.8637,0.224,2,2,0,0,0,0,0,Industrials,General Electric
40533,GE,2019,2020,17,0,0.0,,23,0.4325,0.1933,0,0,0,0,0,0,0,Industrials,General Electric
40533,GE,2020,2021,23,0,0.13043478260869565,1.0,28,0.6951,0.2171,1,0,0,0,0,1,1,Industrials,General Electric
40533,GE,2021,2022,21,0,0.047619047619047616,1.0,28,0.6495,0.209,0,0,0,0,0,0,1,Industrials,General Electric
40533,GE,2022,2023,54,9,0.09259259259259259,0.7142857142857143,64,0.6551,0.4539,2,0,4,0,1,2,5,Industrials,General Electric
60667,LOW,2015,2016,92,3,0.09782608695652174,0.5833333333333334,99,0.2191,0.6781,3,1,3,0,5,0,0,Consumer Discretionary,Lowe's Companies
60667,LOW,2016,2017,58,0,0.0,,59,0.3804,0.4214,0,0,0,0,0,0,0,Consumer Discretionary,Lowe's Companies
60667,LOW,2017,2018,47,4,0.06382978723404255,0.5714285714285714,52,0.2898,0.319,1,1,4,1,0,0,0,Consumer Discretionary,Lowe's Companies
60667,LOW,2018,2019,50,6,0.08,0.7,58,0.0211,0.3135,1,1,2,0,5,1,0,Consumer Discretionary,Lowe's Companies
60667,LOW,2019,2020,46,3,0.06521739130434782,0.6666666666666666,48,0.5954,0.2759,2,0,0,0,1,2,1,Consumer Discretionary,Lowe's Companies
60667,LOW,2020,2021,56,8,0.14285714285714285,0.6875,61,0.1318,0.3333,4,0,6,0,2,4,0,Consumer Discretionary,Lowe's Companies
60667,LOW,2021,2022,109,3,0.05504587155963303,0.6666666666666666,115,0.2467,0.53,1,0,2,1,2,3,0,Consumer Discretionary,Lowe's Companies
60667,LOW,2022,2023,90,4,0.06666666666666667,0.6,92,0.3079,0.4144,1,0,3,1,2,3,0,Consumer Discretionary,Lowe's Companies
19617,JPM,2015,2016,135,5,0.07407407407407407,0.6,151,0.0621,0.5412,10,0,4,0,1,0,0,Financials,JPMorgan Chase
19617,JPM,2016,2017,150,5,0.03333333333333333,0.6,173,0.1504,0.534,5,0,5,0,0,0,0,Financials,JPMorgan Chase
19617,JPM,2017,2018,361,0,0.002770083102493075,1.0,415,0.0098,0.9742,1,0,0,0,0,0,0,Financials,JPMorgan Chase
19617,JPM,2018,2019,269,2,0.026022304832713755,0.6666666666666666,292,0.1351,0.6046,1,0,8,0,0,0,0,Financials,JPMorgan Chase
19617,JPM,2019,2020,148,2,0.04054054054054054,0.5,163,0.2606,0.3638,3,0,1,0,0,4,0,Financials,JPMorgan Chase
19617,JPM,2020,2021,231,6,0.021645021645021644,0.5454545454545454,249,0.3292,0.5082,6,0,3,0,0,2,0,Financials,JPMorgan Chase
19617,JPM,2021,2022,178,0,0.0,,189,0.1311,0.4181,0,0,0,0,0,0,0,Financials,JPMorgan Chase
19617,JPM,2022,2023,131,7,0.030534351145038167,0.5454545454545454,135,0.0304,0.3132,7,0,2,0,0,2,0,Financials,JPMorgan Chase
886982,GS,2015,2016,132,5,0.05303030303030303,0.25,175,0.1339,0.4279,6,0,3,1,1,1,0,Financials,Goldman Sachs
886982,GS,2018,2019,123,1,0.016260162601626018,0.3333333333333333,168,0.1666,0.3256,2,0,1,0,0,0,0,Financials,Goldman Sachs
886982,GS,2019,2020,169,7,0.011834319526627219,0.4444444444444444,205,0.0547,0.3853,3,0,2,0,0,4,0,Financials,Goldman Sachs
886982,GS,2020,2021,172,5,0.040697674418604654,0.5833333333333334,224,0.0839,0.3672,8,0,2,0,2,0,0,Financials,Goldman Sachs
886982,GS,2021,2022,129,2,0.05426356589147287,0.7777777777777778,163,0.0936,0.2685,7,0,1,0,1,0,0,Financials,Goldman Sachs
886982,GS,2022,2023,186,1,0.026881720430107527,0.8333333333333334,242,0.2042,0.3591,6,0,0,0,0,0,0,Financials,Goldman Sachs
731766,UNH,2015,2016,77,7,0.12987012987012986,0.7647058823529411,82,0.6236,0.3048,2,5,2,0,7,1,0,Health Care,UnitedHealth Group
731766,UNH,2016,2017,38,0,0.0,,41,0.8045,0.1536,0,0,0,0,0,0,0,Health Care,UnitedHealth Group
731766,UNH,2017,2018,94,9,0.05319148936170213,0.5714285714285714,95,0.5534,0.3558,3,1,2,0,5,2,1,Health Care,UnitedHealth Group
731766,UNH,2018,2019,70,6,0.05714285714285714,0.3,73,0.6928,0.2674,2,0,1,0,4,3,0,Health Care,UnitedHealth Group
731766,UNH,2019,2020,41,0,0.024390243902439025,1.0,43,0.7804,0.1575,0,0,0,0,1,0,0,Health Care,UnitedHealth Group
731766,UNH,2020,2021,133,8,0.03759398496240601,0.5384615384615384,138,0.3332,0.4585,0,3,10,0,0,0,0,Health Care,UnitedHealth Group
731766,UNH,2021,2022,74,7,0.0945945945945946,0.35714285714285715,78,0.7032,0.2557,1,3,10,0,0,0,0,Health Care,UnitedHealth Group
731766,UNH,2022,2023,94,9,0.05319148936170213,0.42857142857142855,98,0.2605,0.3322,3,0,11,0,0,0,0,Health Care,UnitedHealth Group
858877,CSCO,2015,2016,59,0,0.0,,61,0.8995,0.1821,0,0,0,0,0,0,0,Information Technology,Cisco Systems
858877,CSCO,2016,2017,53,8,0.09433962264150944,0.38461538461538464,54,0.9438,0.1636,4,2,3,0,3,1,0,Information Technology,Cisco Systems
858877,CSCO,2017,2018,47,2,0.10638297872340426,0.42857142857142855,48,0.9282,0.1437,0,2,0,0,4,1,0,Information Technology,Cisco Systems
858877,CSCO,2018,2019,57,7,0.17543859649122806,0.35294117647058826,58,0.8796,0.1796,3,5,3,0,3,1,2,Information Technology,Cisco Systems
858877,CSCO,2019,2020,74,5,0.12162162162162163,0.2857142857142857,81,0.8492,0.2275,3,1,6,0,2,1,1,Information Technology,Cisco Systems
858877,CSCO,2020,2021,136,10,0.04411764705882353,0.3125,151,0.1062,0.416,0,8,7,0,0,1,0,Information Technology,Cisco Systems
858877,CSCO,2021,2022,94,12,0.02127659574468085,0.35714285714285715,99,0.1913,0.2612,0,4,10,0,0,0,0,Information Technology,Cisco Systems
858877,CSCO,2022,2023,74,9,0.06756756756756757,0.5714285714285714,79,0.499,0.2213,1,9,4,0,0,0,0,Information Technology,Cisco Systems
109198,TJX,2015,2016,1315,0,0.026615969581749048,1.0,1562,0.0709,0.9243,5,0,9,0,0,0,21,Consumer Discretionary,TJX Companies
109198,TJX,2016,2017,764,0,0.005235602094240838,1.0,861,0.3439,0.5676,0,0,0,0,0,0,4,Consumer Discretionary,TJX Companies
109198,TJX,2017,2018,99,0,0.0,,116,0.0413,0.5156,0,0,0,0,0,0,0,Consumer Discretionary,TJX Companies
109198,TJX,2018,2019,99,0,0.0,,111,0.0357,0.5139,0,0,0,0,0,0,0,Consumer Discretionary,TJX Companies
109198,TJX,2019,2020,71,8,0.04225352112676056,0.7272727272727273,77,0.5967,0.3305,2,0,4,0,3,2,0,Consumer Discretionary,TJX Companies
109198,TJX,2020,2021,150,3,0.04666666666666667,0.6,161,0.0533,0.6466,0,0,8,2,0,0,0,Consumer Discretionary,TJX Companies
109198,TJX,2021,2022,119,0,0.0,,123,0.3466,0.4767,0,0,0,0,0,0,0,Consumer Discretionary,TJX Companies
109198,TJX,2022,2023,128,2,0.046875,0.625,132,0.1765,0.5077,2,0,5,0,1,0,0,Consumer Discretionary,TJX Companies
318154,AMGN,2015,2016,190,8,0.010526315789473684,0.6,202,0.0613,0.6312,1,1,2,2,0,4,0,Health Care,Amgen Inc.
318154,AMGN,2016,2017,189,2,0.037037037037037035,0.7777777777777778,213,0.5035,0.5884,2,2,1,0,3,1,0,Health Care,Amgen Inc.
318154,AMGN,2017,2018,159,0,0.0,,183,0.3484,0.4399,0,0,0,0,0,0,0,Health Care,Amgen Inc.
318154,AMGN,2018,2019,207,4,0.014492753623188406,0.7142857142857143,225,0.5305,0.4808,0,4,1,0,1,1,0,Health Care,Amgen Inc.
318154,AMGN,2019,2020,262,0,0.007633587786259542,1.0,293,0.5545,0.5602,0,0,0,0,2,0,0,Health Care,Amgen Inc.
318154,AMGN,2020,2021,309,6,0.009708737864077669,0.5555555555555556,339,0.2268,0.506,0,0,1,0,4,4,0,Health Care,Amgen Inc.
318154,AMGN,2021,2022,232,8,0.017241379310344827,0.6666666666666666,260,0.5144,0.3875,4,0,0,3,2,3,0,Health Care,Amgen Inc.
318154,AMGN,2022,2023,214,8,0.028037383177570093,0.42857142857142855,230,0.5635,0.3538,3,0,0,1,4,6,0,Health Care,Amgen Inc.
316709,SCHW,2015,2016,69,1,0.11594202898550725,0.8888888888888888,75,0.2035,0.4658,4,1,2,0,0,2,0,Financials,Charles Schwab
316709,SCHW,2016,2017,52,4,0.15384615384615385,0.6666666666666666,61,0.3004,0.4067,6,0,1,0,4,1,0,Financials,Charles Schwab
316709,SCHW,2017,2018,105,1,0.0380952380952381,1.0,124,0.0807,0.8267,2,0,0,0,1,2,0,Financials,Charles Schwab
316709,SCHW,2018,2019,38,0,0.0,,41,0.6725,0.2595,0,0,0,0,0,0,0,Financials,Charles Schwab
316709,SCHW,2019,2020,78,0,0.0,,82,0.2162,0.3886,0,0,0,0,0,0,0,Financials,Charles Schwab
316709,SCHW,2020,2021,122,2,0.0,0.0,132,0.0851,0.5617,0,0,1,0,1,0,0,Financials,Charles Schwab
316709,SCHW,2021,2022,54,11,0.05555555555555555,0.42857142857142855,57,0.8197,0.2365,8,0,1,0,3,2,0,Financials,Charles Schwab
316709,SCHW,2022,2023,59,0,0.0,,60,0.6029,0.2521,0,0,0,0,0,0,0,Financials,Charles Schwab
1800,ABT,2015,2016,20,0,0.0,,25,0.8204,0.1773,0,0,0,0,0,0,0,Health Care,Abbott Laboratories
1800,ABT,2016,2017,51,2,0.17647058823529413,0.7272727272727273,59,0.4187,0.396,0,0,1,1,1,5,3,Health Care,Abbott Laboratories
1800,ABT,2017,2018,18,0,0.0,,20,0.6201,0.1504,0,0,0,0,0,0,0,Health Care,Abbott Laboratories
1800,ABT,2018,2019,20,0,0.0,,23,0.8489,0.1704,0,0,0,0,0,0,0,Health Care,Abbott Laboratories
1800,ABT,2019,2020,62,0,0.03225806451612903,1.0,70,0.1537,0.6195,0,0,0,0,0,0,2,Health Care,Abbott Laboratories
1800,ABT,2020,2021,0,0,,,3835,0.015,0.9793,0,0,0,0,0,0,0,Health Care,Abbott Laboratories
1800,ABT,2021,2022,0,0,,,631,0.1473,0.4275,0,0,0,0,0,0,0,Health Care,Abbott Laboratories
1800,ABT,2022,2023,79,0,0.0,,84,0.0436,0.497,0,0,0,0,0,0,0,Health Care,Abbott Laboratories
70858,BAC,2015,2016,186,4,0.010752688172043012,0.5,211,0.199,0.4648,0,0,4,0,0,1,1,Financials,Bank of America
70858,BAC,2016,2017,211,7,0.018957345971563982,0.36363636363636365,249,0.1127,0.5804,9,0,1,0,0,1,0,Financials,Bank of America
70858,BAC,2017,2018,166,5,0.006024096385542169,0.6666666666666666,182,0.1474,0.4184,2,0,3,0,1,0,0,Financials,Bank of America
70858,BAC,2018,2019,223,2,0.004484304932735426,0.3333333333333333,241,0.4968,0.5117,1,0,2,0,0,0,0,Financials,Bank of America
70858,BAC,2019,2020,243,3,0.0,0.6666666666666666,277,0.3256,0.5496,0,0,2,0,1,0,0,Financials,Bank of America
70858,BAC,2020,2021,292,9,0.010273972602739725,0.6666666666666666,325,0.165,0.619,5,0,2,0,1,4,0,Financials,Bank of America
70858,BAC,2021,2022,275,11,0.014545454545454545,0.3333333333333333,295,0.2378,0.5194,9,0,3,0,1,2,0,Financials,Bank of America
70858,BAC,2022,2023,309,6,0.009708737864077669,0.5555555555555556,340,0.0213,0.6925,4,0,4,0,1,0,0,Financials,Bank of America
723254,CVS,2015,2016,17,0,0.0,,17,0.7956,0.1382,0,0,0,0,0,0,0,Health Care,CVS Health
723254,CVS,2016,2017,21,0,0.047619047619047616,1.0,22,0.7898,0.1732,0,0,0,0,1,0,0,Health Care,CVS Health
723254,CVS,2017,2018,18,0,0.0,,21,0.8948,0.1533,0,0,0,0,0,0,0,Health Care,CVS Health
723254,CVS,2018,2019,12,1,0.9166666666666666,0.75,13,0.8078,0.0977,4,0,3,2,1,2,0,Health Care,CVS Health
723254,CVS,2019,2020,35,1,0.4,0.6,38,0.6992,0.2714,3,5,2,1,3,1,0,Health Care,CVS Health
723254,CVS,2020,2021,26,4,0.07692307692307693,0.3333333333333333,28,0.5146,0.1972,1,0,5,0,0,0,0,Health Care,CVS Health
723254,CVS,2021,2022,32,9,0.09375,0.75,34,0.8058,0.2179,4,0,6,0,2,0,0,Health Care,CVS Health
723254,CVS,2022,2023,20,0,0.0,,23,0.6315,0.1494,0,0,0,0,0,0,0,Health Care,CVS Health
200406,JNJ,2015,2016,1,0,1.0,1.0,1,0.9874,0.3333,0,0,0,0,0,0,1,Health Care,Johnson & Johnson
200406,JNJ,2016,2017,102,0,0.0196078431372549,1.0,117,0.0291,0.9915,0,2,0,0,0,0,0,Health Care,Johnson & Johnson
200406,JNJ,2017,2018,31,7,0.12903225806451613,0.36363636363636365,36,0.8384,0.2903,3,2,2,3,0,1,0,Health Care,Johnson & Johnson
200406,JNJ,2018,2019,33,8,0.15151515151515152,0.46153846153846156,37,0.7455,0.2803,0,2,1,8,0,2,0,Health Care,Johnson & Johnson
200406,JNJ,2019,2020,19,0,0.0,,21,0.8478,0.1533,0,0,0,0,0,0,0,Health Care,Johnson & Johnson
200406,JNJ,2020,2021,77,14,0.03896103896103896,0.29411764705882354,78,0.3934,0.4699,6,6,2,1,0,2,0,Health Care,Johnson & Johnson
200406,JNJ,2021,2022,88,4,0.045454545454545456,0.75,98,0.7598,0.4949,0,4,4,0,0,0,0,Health Care,Johnson & Johnson
200406,JNJ,2022,2023,53,11,0.03773584905660377,0.6153846153846154,55,0.8131,0.2535,1,4,5,1,1,1,0,Health Care,Johnson & Johnson
32604,EMR,2015,2016,23,1,0.08695652173913043,0.6666666666666666,24,0.2277,0.4,0,3,0,0,0,0,0,Industrials,Emerson Electric
32604,EMR,2016,2017,16,6,0.625,0.875,19,0.8256,0.3016,3,1,1,2,5,4,0,Industrials,Emerson Electric
32604,EMR,2017,2018,33,6,0.21212121212121213,0.5384615384615384,36,0.6025,0.4615,5,7,1,0,0,0,0,Industrials,Emerson Electric
32604,EMR,2018,2019,17,3,0.8235294117647058,0.47058823529411764,17,0.8299,0.2073,3,2,9,1,1,1,0,Industrials,Emerson Electric
32604,EMR,2019,2020,33,11,0.06060606060606061,0.5384615384615384,37,0.4104,0.3776,3,0,6,0,1,3,0,Industrials,Emerson Electric
32604,EMR,2020,2021,25,3,0.08,0.8,28,0.6416,0.2593,1,0,1,1,0,1,1,Industrials,Emerson Electric
32604,EMR,2021,2022,29,7,0.06896551724137931,0.6666666666666666,30,0.5695,0.2679,5,0,4,0,0,0,0,Industrials,Emerson Electric
32604,EMR,2022,2023,26,3,0.11538461538461539,0.6666666666666666,26,0.6338,0.2364,1,0,3,0,0,2,0,Industrials,Emerson Electric
320193,AAPL,2015,2016,31,6,0.16129032258064516,0.45454545454545453,43,0.2286,0.1558,2,1,4,2,1,1,0,Information Technology,Apple Inc.
320193,AAPL,2016,2017,59,0,0.0,,61,0.8048,0.2218,0,0,0,0,0,0,0,Information Technology,Apple Inc.
320193,AAPL,2017,2018,128,5,0.0234375,0.75,139,0.2801,0.4826,1,0,1,1,4,1,0,Information Technology,Apple Inc.
320193,AAPL,2018,2019,91,5,0.06593406593406594,0.7272727272727273,101,0.3727,0.3582,3,0,1,1,5,1,0,Information Technology,Apple Inc.
320193,AAPL,2019,2020,75,8,0.09333333333333334,0.4666666666666667,80,0.4955,0.2623,4,0,3,3,2,3,0,Information Technology,Apple Inc.
320193,AAPL,2020,2021,172,4,0.046511627906976744,0.6666666666666666,180,0.0571,0.5521,0,0,3,2,0,7,0,Information Technology,Apple Inc.
320193,AAPL,2021,2022,79,0,0.0,,87,0.037,0.2536,0,0,0,0,0,0,0,Information Technology,Apple Inc.
320193,AAPL,2022,2023,78,0,0.0,,84,0.1728,0.2593,0,0,0,0,0,0,0,Information Technology,Apple Inc.
50863,INTC,2015,2016,36,10,0.16666666666666666,0.625,41,0.7274,0.1925,5,2,6,1,2,0,0,Information Technology,Intel Corp.
50863,INTC,2016,2017,54,12,0.037037037037037035,0.42857142857142855,66,0.4202,0.2895,9,0,1,3,1,0,0,Information Technology,Intel Corp.
78003,PFE,2015,2016,207,3,0.01932367149758454,0.8571428571428571,230,0.0882,0.6037,4,0,1,0,0,1,1,Health Care,Pfizer Inc.
78003,PFE,2016,2017,122,1,0.00819672131147541,1.0,137,0.6514,0.4295,1,0,0,0,0,0,1,Health Care,Pfizer Inc.
78003,PFE,2017,2018,121,0,0.008264462809917356,1.0,144,0.6877,0.4034,0,0,0,0,0,0,1,Health Care,Pfizer Inc.
78003,PFE,2018,2019,203,2,0.0049261083743842365,0.3333333333333333,240,0.61,0.5505,2,0,0,0,0,0,1,Health Care,Pfizer Inc.
78003,PFE,2019,2020,175,8,0.04,0.8,214,0.6195,0.4612,2,0,2,0,3,3,5,Health Care,Pfizer Inc.
78003,PFE,2020,2021,197,3,0.07106598984771574,0.5294117647058824,229,0.1619,0.8035,8,0,1,0,2,2,4,Health Care,Pfizer Inc.
78003,PFE,2021,2022,122,1,0.00819672131147541,0.5,132,0.6071,0.4314,0,0,2,0,0,0,0,Health Care,Pfizer Inc.
78003,PFE,2022,2023,124,1,0.024193548387096774,0.75,135,0.6592,0.4299,2,0,1,0,0,0,1,Health Care,Pfizer Inc.
804328,QCOM,2015,2016,148,7,0.006756756756756757,0.625,158,0.402,0.5267,0,0,7,1,0,0,0,Information Technology,Qualcomm Inc.
804328,QCOM,2016,2017,179,0,0.0,,184,0.5305,0.514,0,0,0,0,0,0,0,Information Technology,Qualcomm Inc.
804328,QCOM,2017,2018,140,0,0.0,,151,0.4785,0.4092,0,0,0,0,0,0,0,Information Technology,Qualcomm Inc.
804328,QCOM,2018,2019,252,10,0.007936507936507936,0.25,266,0.1005,0.6394,3,5,0,0,2,2,0,Information Technology,Qualcomm Inc.
804328,QCOM,2019,2020,268,6,0.007462686567164179,0.25,283,0.0263,0.6803,1,0,7,0,0,0,0,Information Technology,Qualcomm Inc.
804328,QCOM,2020,2021,191,10,0.005235602094240838,0.2727272727272727,195,0.2678,0.4493,0,0,9,0,1,0,1,Information Technology,Qualcomm Inc.
804328,QCOM,2021,2022,173,9,0.023121387283236993,0.46153846153846156,177,0.6171,0.3986,0,0,10,0,1,2,0,Information Technology,Qualcomm Inc.
804328,QCOM,2022,2023,123,3,0.0,0.6666666666666666,127,0.7705,0.2779,0,0,3,0,0,0,0,Information Technology,Qualcomm Inc.
37996,F,2015,2016,8,5,0.375,0.625,8,0.6224,0.5,0,0,8,0,0,0,0,Consumer Discretionary,Ford Motor Co.
37996,F,2016,2017,0,0,,,0,0.3036,0.0,0,0,0,0,0,0,0,Consumer Discretionary,Ford Motor Co.
37996,F,2017,2018,26,5,0.038461538461538464,0.5,30,0.0224,1.0,0,0,6,0,0,0,0,Consumer Discretionary,Ford Motor Co.
37996,F,2018,2019,1,0,1.0,1.0,1,0.2178,0.3333,0,0,1,0,0,0,0,Consumer Discretionary,Ford Motor Co.
37996,F,2019,2020,10,6,0.4,0.4,11,0.3575,0.7857,0,1,9,0,0,0,0,Consumer Discretionary,Ford Motor Co.
37996,F,2020,2021,2,0,1.0,1.0,2,0.5318,0.25,0,0,2,0,0,0,0,Consumer Discretionary,Ford Motor Co.
37996,F,2021,2022,6,6,0.0,0.5,6,0.6451,0.4286,1,1,4,0,0,0,0,Consumer Discretionary,Ford Motor Co.
37996,F,2022,2023,0,0,,,0,0.6451,0.0,0,0,0,0,0,0,0,Consumer Discretionary,Ford Motor Co.
320187,NKE,2015,2016,66,0,0.09090909090909091,0.5,69,0.461,0.2233,1,0,0,0,2,1,2,Consumer Discretionary,Nike Inc.
320187,NKE,2016,2017,85,1,0.047058823529411764,0.6,93,0.2093,0.2862,4,0,0,0,0,1,0,Consumer Discretionary,Nike Inc.
320187,NKE,2017,2018,96,1,0.15625,0.6875,112,0.5231,0.3304,5,0,7,0,0,0,4,Consumer Discretionary,Nike Inc.
320187,NKE,2018,2019,70,0,0.14285714285714285,0.6,83,0.2209,0.2399,1,0,2,0,1,1,5,Consumer Discretionary,Nike Inc.
320187,NKE,2019,2020,137,12,0.0364963503649635,0.5882352941176471,144,0.196,0.3799,6,0,5,0,2,0,4,Consumer Discretionary,Nike Inc.
320187,NKE,2020,2021,91,5,0.06593406593406594,0.36363636363636365,95,0.1156,0.25,3,0,0,3,2,0,3,Consumer Discretionary,Nike Inc.
320187,NKE,2021,2022,95,5,0.10526315789473684,0.4666666666666667,97,0.3343,0.2443,3,1,6,1,1,0,3,Consumer Discretionary,Nike Inc.
320187,NKE,2022,2023,96,7,0.09375,0.6875,99,0.0668,0.2506,6,0,5,0,4,1,0,Consumer Discretionary,Nike Inc.
277948,CSX,2015,2016,22,1,0.045454545454545456,1.0,25,0.2685,0.2577,2,0,0,0,0,0,0,Industrials,CSX Corp.
277948,CSX,2016,2017,16,9,0.4375,0.625,18,0.1475,0.1765,7,0,5,0,2,2,0,Industrials,CSX Corp.
277948,CSX,2017,2018,25,3,0.08,0.6,28,0.6223,0.2745,3,0,0,1,0,1,0,Industrials,CSX Corp.
277948,CSX,2018,2019,13,5,0.6153846153846154,0.5384615384615384,17,0.3288,0.1753,7,0,3,0,1,2,0,Industrials,CSX Corp.
277948,CSX,2019,2020,16,12,0.25,0.75,19,0.4748,0.1939,6,0,5,2,1,1,1,Industrials,CSX Corp.
277948,CSX,2020,2021,23,2,0.043478260869565216,0.3333333333333333,23,0.2753,0.219,1,0,0,2,0,0,0,Industrials,CSX Corp.
277948,CSX,2021,2022,29,4,0.1724137931034483,0.6666666666666666,33,0.4246,0.2895,3,0,2,2,0,2,0,Industrials,CSX Corp.
277948,CSX,2022,2023,18,0,0.0,,19,0.8438,0.1652,0,0,0,0,0,0,0,Industrials,CSX Corp.
899051,ALL,2015,2016,114,4,0.08771929824561403,0.2857142857142857,125,0.0853,0.4864,2,3,2,3,2,2,0,Financials,Allstate Corp.
899051,ALL,2016,2017,117,0,0.0,,129,0.3633,0.4108,0,0,0,0,0,0,0,Financials,Allstate Corp.
899051,ALL,2017,2018,212,9,0.014150943396226415,0.5833333333333334,242,0.0559,0.6817,11,0,0,0,1,0,0,Financials,Allstate Corp.
899051,ALL,2018,2019,185,2,0.016216216216216217,0.6,205,0.1085,0.5151,4,0,0,0,1,0,0,Financials,Allstate Corp.
899051,ALL,2019,2020,139,0,0.0,,154,0.048,0.7778,0,0,0,0,0,0,0,Financials,Allstate Corp.
899051,ALL,2020,2021,59,0,0.0,,63,0.1182,0.3088,0,0,0,0,0,0,0,Financials,Allstate Corp.
899051,ALL,2021,2022,50,4,0.12,0.6,58,0.1997,0.2857,1,1,4,1,1,1,1,Financials,Allstate Corp.
899051,ALL,2022,2023,68,7,0.014705882352941176,0.125,74,0.1306,0.3426,4,0,0,3,1,0,0,Financials,Allstate Corp.
66740,MMM,2022,2023,97,14,0.030927835051546393,0.4117647058823529,104,0.3689,0.7647,8,0,4,0,4,0,1,Industrials,3M Co.
72971,WFC,2015,2016,1,0,1.0,1.0,1,0.9956,0.5,0,0,0,0,0,0,1,Financials,Wells Fargo
72971,WFC,2016,2017,1,0,1.0,1.0,1,0.9956,0.5,0,0,0,0,0,0,1,Financials,Wells Fargo
72971,WFC,2017,2018,1,0,1.0,1.0,1,0.9956,0.5,0,0,0,0,0,0,1,Financials,Wells Fargo
72971,WFC,2018,2019,1,0,1.0,1.0,1,0.9778,0.5,0,0,0,0,0,0,1,Financials,Wells Fargo
72971,WFC,2019,2020,1,0,1.0,1.0,1,0.9422,0.5,0,0,0,0,0,0,1,Financials,Wells Fargo
72971,WFC,2020,2021,1,0,1.0,1.0,1,0.9911,0.5,0,0,0,0,0,0,1,Financials,Wells Fargo
72971,WFC,2021,2022,1,0,1.0,1.0,1,0.9868,0.5,0,0,0,0,0,0,1,Financials,Wells Fargo
72971,WFC,2022,2023,1,0,1.0,1.0,1,0.9868,0.5,0,0,0,0,0,0,1,Financials,Wells Fargo
1018724,AMZN,2015,2016,30,7,0.1,0.5,31,0.8674,0.1623,0,1,9,0,0,0,0,Consumer Discretionary,Amazon.com Inc.
1018724,AMZN,2016,2017,27,4,0.1111111111111111,0.42857142857142855,28,0.9475,0.1466,2,1,3,0,1,0,0,Consumer Discretionary,Amazon.com Inc.
1018724,AMZN,2017,2018,30,5,0.16666666666666666,0.5,37,0.9025,0.1832,3,0,6,0,1,0,0,Consumer Discretionary,Amazon.com Inc.
1018724,AMZN,2018,2019,52,7,0.09615384615384616,0.5,57,0.6794,0.3,3,1,7,0,1,0,0,Consumer Discretionary,Amazon.com Inc.
1018724,AMZN,2019,2020,96,14,0.020833333333333332,0.5,102,0.5368,0.5178,5,0,8,1,2,0,0,Consumer Discretionary,Amazon.com Inc.
1018724,AMZN,2020,2021,30,4,0.2,0.8,31,0.0566,0.1623,2,0,5,0,3,0,0,Consumer Discretionary,Amazon.com Inc.
1018724,AMZN,2021,2022,41,0,0.024390243902439025,1.0,42,0.7926,0.2132,0,0,1,0,0,0,0,Consumer Discretionary,Amazon.com Inc.
1018724,AMZN,2022,2023,47,4,0.06382978723404255,0.5714285714285714,47,0.4736,0.226,1,0,4,0,2,0,0,Consumer Discretionary,Amazon.com Inc.
12927,BA,2015,2016,32,3,0.28125,0.5833333333333334,40,0.8998,0.1747,3,0,4,1,2,2,0,Industrials,Boeing Co.
12927,BA,2016,2017,27,3,0.14814814814814814,0.42857142857142855,40,0.7523,0.1754,2,0,0,0,4,1,0,Industrials,Boeing Co.
12927,BA,2017,2018,38,0,0.0,,48,0.7431,0.2115,0,0,0,0,0,0,0,Industrials,Boeing Co.
12927,BA,2018,2019,36,4,0.3333333333333333,0.5,47,0.7778,0.2017,8,1,4,1,2,0,0,Industrials,Boeing Co.
12927,BA,2019,2020,70,5,0.07142857142857142,0.6,85,0.6097,0.3232,2,1,1,0,6,0,0,Industrials,Boeing Co.
12927,BA,2020,2021,123,2,0.008130081300813009,0.3333333333333333,150,0.1824,0.463,2,0,0,0,1,0,0,Industrials,Boeing Co.
12927,BA,2021,2022,114,8,0.05263157894736842,0.5,137,0.2765,0.4006,3,0,4,1,4,1,1,Industrials,Boeing Co.
12927,BA,2022,2023,98,0,0.0,,121,0.1289,0.4172,0,0,0,0,0,0,0,Industrials,Boeing Co.
866787,AZO,2015,2016,0,0,,,1216,0.1465,0.929,0,0,0,0,0,0,0,Consumer Discretionary,AutoZone Inc.
866787,AZO,2016,2017,0,0,,,591,0.2963,0.4505,0,0,0,0,0,0,0,Consumer Discretionary,AutoZone Inc.
866787,AZO,2017,2018,30,8,0.06666666666666667,0.4,35,0.0766,0.2333,4,2,1,2,0,1,0,Consumer Discretionary,AutoZone Inc.
866787,AZO,2018,2019,52,8,0.07692307692307693,0.5833333333333334,62,0.4305,0.3584,6,0,4,2,0,0,0,Consumer Discretionary,AutoZone Inc.
866787,AZO,2021,2022,96,11,0.052083333333333336,0.5625,103,0.012,0.5421,5,0,6,0,2,3,0,Consumer Discretionary,AutoZone Inc.
866787,AZO,2022,2023,0,0,,,1132,0.1142,0.897,0,0,0,0,0,0,0,Consumer Discretionary,AutoZone Inc.
97476,TXN,2015,2016,56,7,0.16071428571428573,0.5,61,0.2035,0.442,8,0,3,1,4,0,0,Information Technology,Texas Instruments
97476,TXN,2016,2017,38,0,0.0,,41,0.4527,0.313,0,0,0,0,0,0,0,Information Technology,Texas Instruments
97476,TXN,2017,2018,33,5,0.24242424242424243,0.6923076923076923,35,0.5504,0.2593,2,1,6,2,1,1,0,Information Technology,Texas Instruments
97476,TXN,2018,2019,28,2,0.21428571428571427,0.75,30,0.4782,0.2206,2,0,0,3,2,1,0,Information Technology,Texas Instruments
97476,TXN,2019,2020,32,4,0.25,0.5833333333333334,34,0.4842,0.2576,7,0,1,2,1,1,0,Information Technology,Texas Instruments
97476,TXN,2020,2021,37,12,0.13513513513513514,0.5294117647058824,40,0.3505,0.2963,9,0,3,2,2,1,0,Information Technology,Texas Instruments
97476,TXN,2021,2022,29,4,0.1724137931034483,0.6666666666666666,34,0.4956,0.2519,2,0,3,1,3,0,0,Information Technology,Texas Instruments
97476,TXN,2022,2023,23,0,0.13043478260869565,1.0,24,0.3484,0.1791,0,0,2,0,1,0,0,Information Technology,Texas Instruments
773840,HON,2015,2016,25,3,0.08,0.4,26,0.6458,0.2826,1,0,4,0,0,0,0,Industrials,Honeywell International
773840,HON,2016,2017,32,5,0.21875,0.5833333333333334,35,0.7516,0.3608,2,3,6,0,1,0,0,Industrials,Honeywell International
773840,HON,2017,2018,38,0,0.0,,41,0.1423,0.3534,0,0,0,0,0,0,0,Industrials,Honeywell International
773840,HON,2018,2019,33,5,0.24242424242424243,0.6923076923076923,34,0.3881,0.2982,1,1,8,0,0,1,2,Industrials,Honeywell International
773840,HON,2019,2020,48,6,0.041666666666666664,0.375,54,0.3107,0.3971,0,1,5,0,1,1,0,Industrials,Honeywell International
4962,AXP,2015,2016,206,6,0.0,0.3333333333333333,228,0.01,0.608,1,0,3,0,1,1,0,Financials,American Express
4962,AXP,2016,2017,185,2,0.016216216216216217,0.4,205,0.033,0.5325,1,0,4,0,0,0,0,Financials,American Express
4962,AXP,2017,2018,156,14,0.01282051282051282,0.6875,161,0.0631,0.4139,3,0,4,0,3,6,0,Financials,American Express
4962,AXP,2018,2019,178,0,0.0,,191,0.1197,0.4811,0,0,0,0,0,0,0,Financials,American Express
4962,AXP,2019,2020,158,0,0.0,,168,0.1508,0.4128,0,0,0,0,0,0,0,Financials,American Express
4962,AXP,2020,2021,189,3,0.031746031746031744,0.5555555555555556,198,0.353,0.4771,1,0,0,0,5,2,1,Financials,American Express
4962,AXP,2021,2022,169,5,0.023668639053254437,0.4444444444444444,176,0.0421,0.4303,1,0,0,0,6,2,0,Financials,American Express
4962,AXP,2022,2023,143,2,0.006993006993006993,0.6666666666666666,148,0.0696,0.3541,0,0,0,0,1,2,0,Financials,American Express
1090727,UPS,2015,2016,21,0,0.047619047619047616,1.0,24,0.7841,0.1702,1,0,0,0,0,0,0,Industrials,United Parcel Service
1090727,UPS,2016,2017,23,1,0.08695652173913043,0.6666666666666666,25,0.8437,0.1678,1,0,0,0,2,0,0,Industrials,United Parcel Service
1090727,UPS,2017,2018,80,0,0.0,,91,0.7001,0.4715,0,0,0,0,0,0,0,Industrials,United Parcel Service
1090727,UPS,2018,2019,59,0,0.0,,69,0.7248,0.3382,0,0,0,0,0,0,0,Industrials,United Parcel Service
1090727,UPS,2019,2020,89,6,0.033707865168539325,0.6666666666666666,110,0.3767,0.5729,3,0,2,0,4,0,0,Industrials,United Parcel Service
1090727,UPS,2020,2021,92,8,0.043478260869565216,0.5833333333333334,113,0.1448,0.528,2,0,7,0,2,1,0,Industrials,United Parcel Service
1090727,UPS,2021,2022,104,2,0.019230769230769232,0.75,122,0.1539,0.598,1,0,2,0,0,1,0,Industrials,United Parcel Service
1090727,UPS,2022,2023,89,4,0.056179775280898875,0.6666666666666666,103,0.4176,0.4836,3,0,5,0,0,1,0,Industrials,United Parcel Service
936468,LMT,2015,2016,122,1,0.00819672131147541,0.5,138,0.3201,0.4466,0,0,2,0,0,0,0,Industrials,Lockheed Martin
936468,LMT,2016,2017,100,0,0.0,,122,0.2569,0.3861,0,0,0,0,0,0,0,Industrials,Lockheed Martin
936468,LMT,2017,2018,82,0,0.024390243902439025,1.0,93,0.2826,0.3163,0,0,1,0,0,1,0,Industrials,Lockheed Martin
936468,LMT,2018,2019,116,9,0.0603448275862069,0.5,140,0.4531,0.4348,11,0,3,0,2,0,0,Industrials,Lockheed Martin
936468,LMT,2019,2020,170,2,0.047058823529411764,0.8,208,0.2756,0.5517,7,0,3,0,0,0,0,Industrials,Lockheed Martin
936468,LMT,2020,2021,163,1,0.012269938650306749,0.6666666666666666,189,0.2113,0.4276,0,0,1,0,2,0,0,Industrials,Lockheed Martin
936468,LMT,2021,2022,215,11,0.018604651162790697,0.4666666666666667,238,0.2819,0.5459,0,0,10,0,3,2,0,Industrials,Lockheed Martin
936468,LMT,2022,2023,198,0,0.0,,225,0.287,0.5639,0,0,0,0,0,0,0,Industrials,Lockheed Martin
829224,SBUX,2015,2016,45,2,0.06666666666666667,0.4,45,0.6243,0.3237,1,0,2,1,0,1,0,Consumer Discretionary,Starbucks Corp.
829224,SBUX,2016,2017,45,3,0.044444444444444446,0.4,46,0.5915,0.3129,2,0,3,0,0,0,0,Consumer Discretionary,Starbucks Corp.
829224,SBUX,2017,2018,73,8,0.0684931506849315,0.46153846153846156,79,0.2836,0.4969,3,0,3,5,1,1,0,Consumer Discretionary,Starbucks Corp.
829224,SBUX,2018,2019,89,9,0.0,0.3333333333333333,99,0.0997,0.547,0,0,9,0,0,0,0,Consumer Discretionary,Starbucks Corp.
829224,SBUX,2019,2020,79,0,0.0,,80,0.0829,0.3756,0,0,0,0,0,0,0,Consumer Discretionary,Starbucks Corp.
829224,SBUX,2020,2021,124,3,0.008064516129032258,0.5,137,0.0619,0.5502,0,0,4,0,0,0,0,Consumer Discretionary,Starbucks Corp.
829224,SBUX,2021,2022,77,0,0.0,,80,0.24,0.2952,0,0,0,0,0,0,0,Consumer Discretionary,Starbucks Corp.
829224,SBUX,2022,2023,127,6,0.007874015748031496,0.5714285714285714,133,0.0293,0.4508,0,0,3,0,0,4,0,Consumer Discretionary,Starbucks Corp.
47217,HPQ,2015,2016,114,6,0.07017543859649122,0.5,123,0.0727,0.3162,7,1,4,0,1,1,0,Information Technology,HP Inc.
47217,HPQ,2016,2017,65,3,0.03076923076923077,0.8,68,0.558,0.1794,4,1,0,0,0,0,0,Information Technology,HP Inc.
47217,HPQ,2017,2018,102,0,0.0196078431372549,0.5,106,0.4443,0.2804,0,0,1,0,0,0,1,Information Technology,HP Inc.
47217,HPQ,2018,2019,104,1,0.028846153846153848,0.75,111,0.1508,0.2707,4,0,0,0,0,0,0,Information Technology,HP Inc.
47217,HPQ,2019,2020,216,9,0.032407407407407406,0.375,226,0.1949,0.5219,3,0,11,0,1,1,0,Information Technology,HP Inc.
47217,HPQ,2020,2021,238,0,0.0,,253,0.1924,0.6141,0,0,0,0,0,0,0,Information Technology,HP Inc.
47217,HPQ,2021,2022,173,11,0.011560693641618497,0.23076923076923078,182,0.1009,0.4853,6,0,5,0,1,1,0,Information Technology,HP Inc.
47217,HPQ,2022,2023,169,6,0.01775147928994083,0.5555555555555556,182,0.3001,0.4428,2,0,3,0,2,2,0,Information Technology,HP Inc.
1099219,MET,2015,2016,202,1,0.0049504950495049506,0.5,235,0.6782,0.3009,0,0,0,0,0,0,2,Financials,MetLife Inc.
1099219,MET,2016,2017,357,0,0.0,,397,0.3016,0.4387,0,0,0,0,0,0,0,Financials,MetLife Inc.
1099219,MET,2017,2018,315,7,0.025396825396825397,0.4,359,0.5233,0.3667,4,0,7,1,2,1,0,Financials,MetLife Inc.
1099219,MET,2018,2019,313,3,0.03194888178913738,0.5384615384615384,343,0.019,0.7522,1,0,11,0,0,0,1,Financials,MetLife Inc.
1099219,MET,2019,2020,251,7,0.01593625498007968,0.6363636363636364,287,0.0893,0.9349,1,0,9,0,0,0,1,Financials,MetLife Inc.
1099219,MET,2020,2021,215,6,0.04186046511627907,0.6,251,0.0421,0.6972,9,0,4,1,1,0,0,Financials,MetLife Inc.
1099219,MET,2021,2022,88,4,0.045454545454545456,0.625,99,0.0602,0.2619,4,2,2,0,0,0,0,Financials,MetLife Inc.
1099219,MET,2022,2023,87,6,0.011494252873563218,1.0,95,0.509,0.243,3,1,2,0,1,0,0,Financials,MetLife Inc.
51143,IBM,2020,2021,0,0,,,2217,0.3399,0.5833,0,0,0,0,0,0,0,Information Technology,IBM Corp.
789019,MSFT,2015,2016,50,5,0.1,0.6,58,0.0897,0.2007,5,0,3,1,0,1,0,Information Technology,Microsoft Corp.
789019,MSFT,2020,2021,80,0,0.0,,95,0.6442,0.2295,0,0,0,0,0,0,0,Information Technology,Microsoft Corp.
789019,MSFT,2021,2022,70,6,0.05714285714285714,0.6,81,0.791,0.1942,5,1,0,0,0,4,0,Information Technology,Microsoft Corp.
310158,MRK,2015,2016,48,6,0.041666666666666664,0.375,55,0.177,0.2236,2,3,2,0,0,1,0,Health Care,Merck & Co.
310158,MRK,2016,2017,64,3,0.015625,0.75,76,0.3153,0.2969,1,1,2,0,0,0,0,Health Care,Merck & Co.
310158,MRK,2017,2018,85,2,0.03529411764705882,0.6,101,0.2836,0.3412,2,1,1,0,0,0,1,Health Care,Merck & Co.
310158,MRK,2018,2019,67,3,0.05970149253731343,0.5714285714285714,76,0.53,0.2714,3,0,2,0,1,0,1,Health Care,Merck & Co.
310158,MRK,2019,2020,131,7,0.030534351145038167,0.6363636363636364,152,0.1625,0.451,1,1,5,0,3,0,1,Health Care,Merck & Co.
310158,MRK,2020,2021,98,0,0.0,,119,0.2793,0.3148,0,0,0,0,0,0,0,Health Care,Merck & Co.
310158,MRK,2021,2022,128,5,0.0234375,0.625,157,0.1491,0.4198,1,2,3,0,0,1,1,Health Care,Merck & Co.
310158,MRK,2022,2023,91,6,0.054945054945054944,0.7272727272727273,98,0.3104,0.2593,2,3,2,0,0,2,2,Health Care,Merck & Co.
63754,MCD,2015,2016,18,0,0.0,,19,0.9386,0.1187,0,0,0,0,0,0,0,Consumer Discretionary,McDonald's Corp.
63754,MCD,2016,2017,21,1,0.0,1.0,31,0.4784,0.1824,1,0,0,0,0,0,0,Consumer Discretionary,McDonald's Corp.
63754,MCD,2017,2018,54,5,0.16666666666666666,0.7857142857142857,64,0.7077,0.2896,0,0,1,0,12,1,0,Consumer Discretionary,McDonald's Corp.
63754,MCD,2018,2019,36,14,0.05555555555555555,0.3125,45,0.6268,0.2083,0,11,0,0,5,0,0,Consumer Discretionary,McDonald's Corp.
63754,MCD,2019,2020,57,11,0.10526315789473684,0.4117647058823529,68,0.3357,0.2857,13,2,2,0,0,0,0,Consumer Discretionary,McDonald's Corp.
63754,MCD,2020,2021,74,10,0.05405405405405406,0.5,78,0.2154,0.3133,2,1,5,0,2,4,0,Consumer Discretionary,McDonald's Corp.
63754,MCD,2021,2022,101,0,0.009900990099009901,0.0,112,0.4159,0.3972,0,0,0,0,0,1,0,Consumer Discretionary,McDonald's Corp.
63754,MCD,2022,2023,119,0,0.0,,130,0.1033,0.4101,0,0,0,0,0,0,0,Consumer Discretionary,McDonald's Corp.
